content,source_file,chapter,section,subsection,department,system_category,content_type,chunk_type,hierarchy_level,parent_chunk,keywords,char_count,token_count
类风湿关节炎（rheumatoid arthritis，RA）是一种病因未明的、以关节滑膜炎为特征的慢性全身性自身免疫性疾病，主要特征为对称性、慢性、进行性多关节炎。关节滑膜的慢性炎症、增生，形成血管翳，侵犯关节软骨、软骨下骨、韧带和肌腱等，造成关节软骨、骨和关节囊破坏，最终导致关节畸形和功能丧失，可伴有发热、皮下结节及淋巴结肿大等关节外表现，血清中可出现多种自身抗体，病变呈持续、反复发作过程。RA呈全球性分布，发病高峰在30～50岁，女性多发，我国的患病率约为0.32％～0.36％。病因和发病机制 病因 可能与环境、细菌、病毒、遗传和性激素等相关。感染因素 已经证明某些病毒和细菌微生物可通过其体内的抗原性蛋白或多肽片段介导RA患者的自身免疫反应。（1）细菌因素。A组链球菌及菌壁的肽聚糖长期存在于体内成为持续的抗原，刺激机体产生抗体，发生免疫病理损伤而致病。结核分枝杆菌的热休克蛋白也与机体有共同的序列，提示可能与RA有关。（2）病毒因素。EB病毒的gp110糖蛋白可能通过分子模拟机制在RA的发生和演变中发挥作用。77％的RA患者滑膜中有细小病毒B19基因，活动性滑膜炎患者的滑膜组织均表达B19抗原VP-1，而骨关节炎及健康对照组无VP-1表达。与RA有关联的病毒还包括巨细胞病毒、肝炎病毒及多种反转录病毒，它们对于本病致病中的机制尚待研究。遗传因素 流行病学调查显示，同卵孪生子同患RA的概率为27％，而异卵孪生子同患RA的概率为13％，说明有一定的遗传倾向。性激素 RA患者雄激素及其代谢产物的水平明显降低。妊娠期间病情减轻，服避孕药的女性发病减少，更年期女性RA的发病明显高于同龄男性及老年女性。其他因素 寒冷、潮湿、疲劳、营养不良、吸烟、创伤和精神因素等，常为本病的诱发因素。,临床药物治疗学\content\chap16.tex,免疫性疾病的药物治疗,类风湿关节炎,,风湿免疫科,免疫性疾病,药物治疗,概述,2,,"RA,病毒,关节,滑膜,因素",749,374
发病机制 一般认为，RA是一种自身免疫性疾病，RA发病是多种因素共同作用的结果，由易感基因参与、感染因子及自身免疫反应介导的免疫损伤和修复是RA发病及病情演变的基础。人类白细胞抗原 人类白细胞抗原（human leukocyte antigen，HLA）是由单一链组成的HLA-DR、HLA-DP、HLA-DQ跨膜蛋白，主要功能是结合抗原、与T细胞受体形成HLA-抗原-TCR三分子复合物，并激活T细胞。T细胞的免疫反应 T细胞是RA滑膜组织中的主要炎性细胞。CD$_4^+$ 细胞占大多数，而CD$_8^+$细胞相对较少。滑膜细胞的免疫反应 正常滑膜关节的滑膜只有一、二层细胞厚度，但在RA时由于滑膜细胞大量增加，每个细胞的体积增大，滑膜明显增厚。大多数病程长的患者增厚的滑膜层下有淋巴细胞浸润。滑膜细胞可分为两大类：类似巨噬细胞的甲型滑膜细胞，类似成纤维母细胞的乙型滑膜细胞。甲型滑膜细胞在RA中起主要作用。近年来研究发现，RA滑膜出现异常凋亡与增殖，其中包括RA成纤维样滑膜细胞凋亡不足，导致炎症反应持续。自身抗体 RA患者B细胞产生自身抗体，其中类风湿因子（rheumatoid factor，RF）是最常见的一种，RF可在RA患者出现临床症状之前出现。RF包括IgM、IgG、IgA和IgE四型。RF与RA的滑膜炎症及关节外病变有关。RF可在关节腔内形成的抗原抗体复合物，可陷于透明软骨和纤维软骨，激活补体，刺激滑膜细胞增生，激活成纤维细胞，引起关节局部或其他部位病损。目前，在RA患者血清中还发现了抗核周因子及抗环状胍氨酸抗体等多种抗体。临床表现 好发人群 女性好发，发病率为男性的2或3倍，可发生于任何年龄，高发年龄为40～60岁。症状体征 可伴有体重减轻、低热及疲乏感等全身症状。,临床药物治疗学\content\chap16.tex,免疫性疾病的药物治疗,类风湿关节炎,,风湿免疫科,免疫性疾病,药物治疗,概述,2,,"滑膜,RA,细胞,HLA,RF",748,374
关节表现 （1）晨僵：早晨起床时关节活动不灵活的主观感觉，它是关节炎症的一种非特异表现，其持续时间与炎症的严重程度成正比。（2）关节受累的表现：①多关节受累，呈对称性多关节炎（常≥5个关节）。易受累的关节有手、足、腕、踝及颞颌关节等，其他还可有肘、肩、颈椎、髋、膝关节等。②关节畸形，手的畸形有梭形肿胀、尺侧偏斜、天鹅颈样畸形、钮孔花样畸形等。足的畸形有跖骨头向下半脱位引起的仰趾畸形、外翻畸形、跖趾关节半脱位、弯曲呈锤状趾及足外翻畸形。③其他，可有正中神经/胫后神经受压引起的腕管∕跗管综合征等表现。关节外表现 （1）一般表现：可有发热、类风湿结节（属于机化的肉芽肿，与高滴度RF、严重的关节破坏及RA活动有关，好发于肘部、关节鹰嘴突、骶部等关节隆突部及经常受压处）、类风湿血管炎（主要累及小动脉的坏死性小动脉炎，可表现为指、趾端坏死、皮肤溃疡、外周神经病变等）及淋巴结肿大。（2）心脏受累：可有心包炎、心包积液、心外膜、心肌及瓣膜的结节、心肌炎、冠状动脉炎、主动脉炎、传导障碍、慢性心内膜炎及心瓣膜纤维化等表现。（3）呼吸系统受累：可有胸膜炎、胸腔积液、肺动脉炎、间质性肺疾病和结节性肺病等。（4）肾脏表现：主要有原发性肾小球及肾小管间质性肾炎、肾脏淀粉样变和继发于药物治疗（金制剂、青霉胺及NSAIDs）的肾功能损害。（5）神经系统：除周围神经受压的症状外，还可诱发神经疾病、脊髓病、外周神经病、继发于血管炎的缺血性神经病、肌肥大及药物引起的神经系统病变。（6）贫血：是RA最常见的关节外表现，属于慢性疾病性贫血，常为轻至中度。（7）消化系统：可因RA血管炎、并发症或药物治疗所致。（8）眼：幼年患者可有葡萄膜炎，成人可有巩膜炎，可能由血管炎所致。还可有干燥性结膜角膜炎、巩膜软化、巩膜软化穿孔和角膜溶解。,临床药物治疗学\content\chap16.tex,免疫性疾病的药物治疗,类风湿关节炎,,风湿免疫科,免疫性疾病,药物治疗,治疗,2,,"关节,畸形,受累,表现,血管炎",756,378
诊断 实验室检查 一般检查 血、尿常规、肝功能损害、C反应蛋白（C reactive protein，CRP）、生化（肝肾功能，A/G）、免疫球蛋白、蛋白电泳、补体等。自身抗体 RF-IgM、抗环状胍氨酸抗体、RF-IgG及RF-IgA、抗核周因子、抗角蛋白抗体，以及抗核抗体、抗ENA抗体等。遗传标记 HLA-DR4和HLA-DR1亚型。影像学检查 （1）X线片。关节X线片可见软组织肿胀、骨质疏松及病情进展后的关节面囊性变、侵袭性骨破坏、关节面模糊、关节间隙狭窄、关节融合及脱位。X线可分4期。Ⅰ期，正常或骨质疏松。Ⅱ期，骨质疏松，有轻度关节面下骨质侵袭或破坏，关节间隙轻度狭窄。Ⅲ期，关节面下明显的骨质侵袭和破坏，关节间隙明显狭窄，关节半脱位畸形。Ⅳ期，上述改变合并有关节纤维性或骨性强直。胸部X线片可见肺间质病变和胸腔积液等。（2）CT检查。胸部CT可进一步提示肺部病变，尤其高分辨CT对肺间质病变更敏感。（3）MRI检查。手关节及腕关节的MRI检查可提示早期的滑膜炎病变，对发现RA患者的早期关节破坏很有帮助。（4）超声。关节超声是简易的无创性检查，对于滑膜炎、关节积液以及关节破坏有鉴别意义。研究认为其与MRI有较好的一致性。特殊检查 （1）关节穿刺术。对于有关节腔积液的关节，关节液的检查包括关节液培养、RF检测、抗CCP抗体检测、抗核抗体等，并做偏振光检测鉴别痛风的尿酸盐结晶。（2）关节镜及关节滑膜活检：对RA的诊断及鉴别诊断很有价值，对于单关节难治性的RA有辅助的治疗作用。RA的诊断标准、分期、功能及活动性判断 美国风湿病学会1987年修订的RA分类标准 标准具体见表：其中≥4条可以确诊RA。①晨僵至少1h（≥6周）。②3个或3个以上关节受累（≥6周）。③手关节（腕、MCP或PIP关节）受累（≥6周）。④对称性关节炎（≥6周）。⑤有类风湿皮下结节。⑥X线片改变。,临床药物治疗学\content\chap16.tex,免疫性疾病的药物治疗,类风湿关节炎,,风湿免疫科,免疫性疾病,药物治疗,诊断,2,,"关节,RA,X线,抗体,检查",794,397
⑦血清RF阳性（滴度＞1∶32）。病情分期 （1）早期：有滑膜炎，无软骨破坏。（2）中期：介于上、下间（有炎症、关节破坏、关节外表现）。（3）晚期：已有关节结构破坏，无进行性滑膜炎。关节功能分级 （1）Ⅰ级：功能状态完好，能完成平常任务无碍（能自由活动）。（2）Ⅱ级：能从事正常活动，但有1个或多个关节活动受限或不适（中度受限）。（3）Ⅲ级：只能胜任一般职业性任务或自理生活中的一部分（显著受限）。（4）Ⅳ级：大部分或完全丧失活动能力，需要长期卧床或依赖轮椅，很少或不能生活自理（卧床或轮椅）。活动性指标 （1）关节疼痛≥4个。（2）晨僵＞30min。（3）ESR≥30mm/h。（4）CRP增高。（5）血小板计数增高。（6）贫血。（7）RF（＋）1∶20以上。（8）有关节外表现（发热、贫血、血管炎等）。治疗 药物治疗 本病尚缺乏根治方案以及预防措施，当前应用的药物均不能完全控制关节破坏。治疗目的主要：①控制关节及其他组织炎症，延缓病情的进展。②保持关节功能和防止畸形。③修复受损关节以减轻疼痛和恢复功能。为达到上述目的，早期诊断和早期治疗极为重要。治疗原则：①早期诊断，尽早治疗。早期发现进行性或侵袭性疾病患者，尽早应用改变病情药物以控制RA病变的进展。②联合用药：对重症患者应联合应用两种以上改变病情的药物，以使病情完全缓解。联合用药可减少单独用药的剂量，减少不良反应的发生。③治疗方案个体化：根据患者的病情、对药物的作用及不良反应等多方面情况选择个体化治疗方案。④功能锻炼：除急性期、发热以及内脏受累的患者需卧床休息和关节制动外，只要患者可以耐受，应及早地进行关节功能锻炼，以免过久的卧床导致关节废用，甚至促进关节强直。,临床药物治疗学\content\chap16.tex,免疫性疾病的药物治疗,类风湿关节炎,,风湿免疫科,免疫性疾病,药物治疗,诊断,2,,"关节,治疗,病情,卧床,功能",715,357
药物分类和作用机制 根据药物作用机制，WHO将抗RA药物分为：①改善症状抗风湿药（symptom modifying anti-rheumatic drugs，SM-ARDs）：这类药物改善炎症性滑膜炎的症状和临床表现，包括NSAIDs、糖皮质激素（glucocorticoid）、改变病情抗风湿药（disease-modifying anti-rheumatic drugs，DMARDs）。②控制疾病的抗风湿治疗药（disease controlling anti-rheumatic therapy，DC-ART）：这类药物能改变RA的病程。其作用为：①改善并维持关节功能，降低滑膜炎症。②防止或明显降低关节病变的进展，且至少维持1年。迄今尚无堪称DC-ART的药物。习惯上把治疗RA的药物分为一线、二线及三线药物（具体见表）。一线药物主要是NSAIDs。二线药物是指DMARDs。三线药物是糖皮质激素类药物。\paragraph 此类药物作用机理是抑制环氧化酶（cyclooxygenase，COX），导致炎症介质前列腺素合成减少，从而使炎症减轻，达到消炎止痛的作用。特点是起效快，可缓解关节疼痛及晨僵等症状，但不能控制病情进展。现已发现COX有两种亚型，即COX-1和COX-2，COX-1为结构酶，其底物PGs主要参与调节机体的生理功能，如调节外周血管张力，维持肾血流量，保护胃黏膜及调节血小板聚集等功能。COX-2是诱导酶，存在于白细胞中，炎症和疼痛时合成PGs，临床宜选用不良反应小的COX-2选择性抑制剂。常用的NSAIDs用法及不良反应如表所示。\paragraph 该类药物可以减轻RA的关节症状和体征并延缓关节病变的进展。本组药物包括传统的青霉胺、金制剂、柳氮磺吡啶、抗疟药（氯喹、羟氯喹）等。,临床药物治疗学\content\chap16.tex,免疫性疾病的药物治疗,类风湿关节炎,,风湿免疫科,免疫性疾病,药物治疗,概述,2,,"COX,药物,RA,关节,抗风湿",759,379
由于这组药物起效时间平均在6周以上，且其中多数药物并不具备阻止关节破坏的性能，故曾称为慢作用抗风湿药（slow acting anti-rheumatic drugs，SAARDs）。近年来本类药物包括了起效迅速的治疗关节炎的生物制剂（TNF阻滞剂，IL-1阻滞剂），故倾向用DMARDs名词。在广义上，DMARDs类药物中也应包括某些免疫抑制剂，通过抑制细胞和体液免疫反应使组织损伤得以减轻，如MTX、来氟米特、环磷酰胺、AZA等。此外，还包括多种用于RA的植物药制剂，如白芍总苷、雷公藤等，对缓解关节肿痛、晨僵均有较好的作用，但长期缓解病变的作用还需进一步研究。本类药物中常用的药物及其作用机制如表所示。糖皮质激素（Glucocorticoid） 糖皮质激素可有效减轻炎症肿痛、迅速缓解病情，但效果不持久，对病因和发病机理无影响，其主要机制是与靶细胞胞浆内的受体结合，抑制多种炎症因子介导的炎症。治疗药物的选用 \paragraph NSAIDs的功效并无太大差异，影响其选用的主要因素包括药物不良反应、服药是否方便、作用持续时间和费用等。无论选择何种NSAIDs，剂量都应个体化。只有在一种NSAIDs足量使用1～2周无效后才更改为另一种。避免同时服用2种或2种以上NSAIDs。老年人宜选用半衰期短的NSAIDs药物，对有溃疡病史的老年人，宜服用选择性COX-2抑制剂以减少胃肠道不良反应。常用的DMARDs DMARDs不能迅速地抗炎止痛，但有改善和延缓病情进展的作用。从疗效和费用等考虑，一般首选MTX，并将它作为联合治疗的基本药物。一般对单用一种DMARDs疗效不好或进展性、预后不良和难治性RA患者可采用机制不同的DMARDs联合治疗。目前常用的联合方案有：①MTX＋SSZ。②MTX＋羟氯喹（或氯喹）。③MTX＋青霉胺。④MTX＋金诺芬。⑤MTX＋AZA。⑥SSZ＋羟氯喹。,临床药物治疗学\content\chap16.tex,免疫性疾病的药物治疗,类风湿关节炎,,风湿免疫科,免疫性疾病,药物治疗,概述,2,,"MTX,DMARDs,NSAIDs,药物,氯喹",796,398
国内还可采用MTX和植物药（雷公藤多甙和白芍总甙等）联合治疗。如患者对MTX不能耐受，可改用来氟米特或其他DMARDs，难治性RA可用MTX＋来氟米特或多种DMARDs联合治疗。治疗RA应迅速给予NSAIDs缓解疼痛和炎症，尽早使用DMARDs，以减少或延缓骨破坏。早期积极、合理使用DMARDs治疗是减少致残的关键。症状缓解后，为防止病情复发原则上不停药，但也可依据病情逐渐减量维持治疗，直至最终停用。糖皮质激素 一般说来激素不能作为治疗RA的首选药，一旦停药短期内复发，长期应用可导致严重不良反应。治疗药物的相互作用 （1）糖皮质激素与MTX合用可加重后者的毒性作用，两者联用应减少MTX的用量。两药长期联用有可能引起膀胱移行细胞癌，应定期尿检。糖皮质激素与环磷酰胺联用可提高免疫抑制作用，并减少用量。（2）几乎所有的NSAIDs都可抑制MTX肾排泄，增加MTX毒性。老人、肾衰者及叶酸耗竭者易受影响，老人和肾功能不全者慎用。常用治疗方案的选用 金字塔模式 金字塔模式的原则是对RA初发患者从一线药物开始，即以NSAIDs为首选药物。如果不能控制病情或患者不能耐受时，再改用二线药物，即DMARDs。如仍不能控制病情则改用三线药物，即糖皮质激素。在使用二线、三线乃至更高层次的药物时，底层的基础治疗仍可继续。下台阶模式 对病情较重的RA患者，一般在2年内发生骨侵蚀性改变。如果遵循金字塔模式易错过治疗时机。Wilske于1990年提出了下台阶模式，其原则是早期使用起效快的糖皮质激素（或NSAIDs）和MTX控制炎症，一旦炎症得到控制，即逐渐停用第一台阶的药物而改用DMARDs，最大限度地发挥各种药物的不同作用。下台阶模式的目的是为了在关节出现损害之前控制病情，并缩短DMARDs的使用时间减轻其不良反应。目前下台阶模式已被广泛采用。,临床药物治疗学\content\chap16.tex,免疫性疾病的药物治疗,类风湿关节炎,,风湿免疫科,免疫性疾病,药物治疗,临床表现,2,,"MTX,DMARDs,RA,治疗,药物",770,385
锯齿形模式 1990年Fries提出了锯齿形模式，其原则是RA一旦确诊，早期使用DMARDs。一旦发现病情加重或复发，即改变DMARDs，重新控制病情，使RA的病程呈锯齿形。免疫净化 RA患者血中常有高滴度自身抗体、大量循环免疫复合物、高免疫球蛋白等。因此，除药物治疗外，可选用免疫净化疗法，快速去除血浆中的免疫复合物和过高的免疫球蛋白、自身抗体等。如免疫活性淋巴细胞过多，还可采用单个核细胞清除疗法，从而改善T、B细胞及巨噬细胞和自然杀伤细胞功能，降低血液黏滞度，以达到改善症状的目的，同时提高药物治疗的效果。目前常用的免疫净化疗法包括血浆置换、免疫吸附和淋巴细胞/单核细胞去除术，被置换的病理性成分可以是淋巴细胞、粒细胞、免疫球蛋白或血浆等，应用此方法时需配合药物治疗。功能锻炼 必须强调，功能锻炼是RA患者关节功能得以恢复及维持的重要方法。一般说来，在关节肿痛明显的急性期，应适当限制关节活动。但是，一旦肿痛改善，应在不增加患者痛苦的前提下进行功能活动。对无明显关节肿痛，但伴有可逆性关节活动受限者，应鼓励其进行正规的功能锻炼。在有条件的医疗机构，应在风湿病专科及康复专科医师的指导下进行。外科治疗 经内科治疗不能控制及严重关节功能障碍的RA患者，外科手术是有效的治疗手段。外科治疗的范围从腕管综合征的松解术、肌腱撕裂后修补术至滑膜切除及关节置换术。,临床药物治疗学\content\chap16.tex,免疫性疾病的药物治疗,类风湿关节炎,,风湿免疫科,免疫性疾病,药物治疗,概述,2,,"免疫,RA,关节,治疗,功能",578,289
病因 可能与环境、细菌、病毒、遗传和性激素等相关。感染因素 已经证明某些病毒和细菌微生物可通过其体内的抗原性蛋白或多肽片段介导RA患者的自身免疫反应。（1）细菌因素。A组链球菌及菌壁的肽聚糖长期存在于体内成为持续的抗原，刺激机体产生抗体，发生免疫病理损伤而致病。结核分枝杆菌的热休克蛋白也与机体有共同的序列，提示可能与RA有关。（2）病毒因素。EB病毒的gp110糖蛋白可能通过分子模拟机制在RA的发生和演变中发挥作用。77％的RA患者滑膜中有细小病毒B19基因，活动性滑膜炎患者的滑膜组织均表达B19抗原VP-1，而骨关节炎及健康对照组无VP-1表达。与RA有关联的病毒还包括巨细胞病毒、肝炎病毒及多种反转录病毒，它们对于本病致病中的机制尚待研究。遗传因素 流行病学调查显示，同卵孪生子同患RA的概率为27％，而异卵孪生子同患RA的概率为13％，说明有一定的遗传倾向。性激素 RA患者雄激素及其代谢产物的水平明显降低。妊娠期间病情减轻，服避孕药的女性发病减少，更年期女性RA的发病明显高于同龄男性及老年女性。其他因素 寒冷、潮湿、疲劳、营养不良、吸烟、创伤和精神因素等，常为本病的诱发因素。发病机制 一般认为，RA是一种自身免疫性疾病，RA发病是多种因素共同作用的结果，由易感基因参与、感染因子及自身免疫反应介导的免疫损伤和修复是RA发病及病情演变的基础。人类白细胞抗原 人类白细胞抗原（human leukocyte antigen，HLA）是由单一链组成的HLA-DR、HLA-DP、HLA-DQ跨膜蛋白，主要功能是结合抗原、与T细胞受体形成HLA-抗原-TCR三分子复合物，并激活T细胞。T细胞的免疫反应 T细胞是RA滑膜组织中的主要炎性细胞。CD$_4^+$ 细胞占大多数，而CD$_8^+$细胞相对较少。,临床药物治疗学\content\chap16.tex,免疫性疾病的药物治疗,类风湿关节炎,病因和发病机制,风湿免疫科,免疫性疾病,药物治疗,概述,3,,"RA,病毒,HLA,抗原,细胞",758,379
滑膜细胞的免疫反应 正常滑膜关节的滑膜只有一、二层细胞厚度，但在RA时由于滑膜细胞大量增加，每个细胞的体积增大，滑膜明显增厚。大多数病程长的患者增厚的滑膜层下有淋巴细胞浸润。滑膜细胞可分为两大类：类似巨噬细胞的甲型滑膜细胞，类似成纤维母细胞的乙型滑膜细胞。甲型滑膜细胞在RA中起主要作用。近年来研究发现，RA滑膜出现异常凋亡与增殖，其中包括RA成纤维样滑膜细胞凋亡不足，导致炎症反应持续。自身抗体 RA患者B细胞产生自身抗体，其中类风湿因子（rheumatoid factor，RF）是最常见的一种，RF可在RA患者出现临床症状之前出现。RF包括IgM、IgG、IgA和IgE四型。RF与RA的滑膜炎症及关节外病变有关。RF可在关节腔内形成的抗原抗体复合物，可陷于透明软骨和纤维软骨，激活补体，刺激滑膜细胞增生，激活成纤维细胞，引起关节局部或其他部位病损。目前，在RA患者血清中还发现了抗核周因子及抗环状胍氨酸抗体等多种抗体。,临床药物治疗学\content\chap16.tex,免疫性疾病的药物治疗,类风湿关节炎,病因和发病机制,风湿免疫科,免疫性疾病,药物治疗,概述,3,,"滑膜,RA,细胞,RF,抗体",413,206
好发人群 女性好发，发病率为男性的2或3倍，可发生于任何年龄，高发年龄为40～60岁。症状体征 可伴有体重减轻、低热及疲乏感等全身症状。关节表现 （1）晨僵：早晨起床时关节活动不灵活的主观感觉，它是关节炎症的一种非特异表现，其持续时间与炎症的严重程度成正比。（2）关节受累的表现：①多关节受累，呈对称性多关节炎（常≥5个关节）。易受累的关节有手、足、腕、踝及颞颌关节等，其他还可有肘、肩、颈椎、髋、膝关节等。②关节畸形，手的畸形有梭形肿胀、尺侧偏斜、天鹅颈样畸形、钮孔花样畸形等。足的畸形有跖骨头向下半脱位引起的仰趾畸形、外翻畸形、跖趾关节半脱位、弯曲呈锤状趾及足外翻畸形。③其他，可有正中神经/胫后神经受压引起的腕管∕跗管综合征等表现。关节外表现 （1）一般表现：可有发热、类风湿结节（属于机化的肉芽肿，与高滴度RF、严重的关节破坏及RA活动有关，好发于肘部、关节鹰嘴突、骶部等关节隆突部及经常受压处）、类风湿血管炎（主要累及小动脉的坏死性小动脉炎，可表现为指、趾端坏死、皮肤溃疡、外周神经病变等）及淋巴结肿大。（2）心脏受累：可有心包炎、心包积液、心外膜、心肌及瓣膜的结节、心肌炎、冠状动脉炎、主动脉炎、传导障碍、慢性心内膜炎及心瓣膜纤维化等表现。（3）呼吸系统受累：可有胸膜炎、胸腔积液、肺动脉炎、间质性肺疾病和结节性肺病等。（4）肾脏表现：主要有原发性肾小球及肾小管间质性肾炎、肾脏淀粉样变和继发于药物治疗（金制剂、青霉胺及NSAIDs）的肾功能损害。（5）神经系统：除周围神经受压的症状外，还可诱发神经疾病、脊髓病、外周神经病、继发于血管炎的缺血性神经病、肌肥大及药物引起的神经系统病变。（6）贫血：是RA最常见的关节外表现，属于慢性疾病性贫血，常为轻至中度。（7）消化系统：可因RA血管炎、并发症或药物治疗所致。（8）眼：幼年患者可有葡萄膜炎，成人可有巩膜炎，可能由血管炎所致。,临床药物治疗学\content\chap16.tex,免疫性疾病的药物治疗,类风湿关节炎,临床表现,风湿免疫科,免疫性疾病,药物治疗,临床表现,3,,"关节,畸形,受累,表现,血管炎",795,397
还可有干燥性结膜角膜炎、巩膜软化、巩膜软化穿孔和角膜溶解。,临床药物治疗学\content\chap16.tex,免疫性疾病的药物治疗,类风湿关节炎,临床表现,风湿免疫科,免疫性疾病,药物治疗,临床表现,3,,"巩膜,软化,角膜炎,结膜,角膜",29,14
实验室检查 一般检查 血、尿常规、肝功能损害、C反应蛋白（C reactive protein，CRP）、生化（肝肾功能，A/G）、免疫球蛋白、蛋白电泳、补体等。自身抗体 RF-IgM、抗环状胍氨酸抗体、RF-IgG及RF-IgA、抗核周因子、抗角蛋白抗体，以及抗核抗体、抗ENA抗体等。遗传标记 HLA-DR4和HLA-DR1亚型。影像学检查 （1）X线片。关节X线片可见软组织肿胀、骨质疏松及病情进展后的关节面囊性变、侵袭性骨破坏、关节面模糊、关节间隙狭窄、关节融合及脱位。X线可分4期。Ⅰ期，正常或骨质疏松。Ⅱ期，骨质疏松，有轻度关节面下骨质侵袭或破坏，关节间隙轻度狭窄。Ⅲ期，关节面下明显的骨质侵袭和破坏，关节间隙明显狭窄，关节半脱位畸形。Ⅳ期，上述改变合并有关节纤维性或骨性强直。胸部X线片可见肺间质病变和胸腔积液等。（2）CT检查。胸部CT可进一步提示肺部病变，尤其高分辨CT对肺间质病变更敏感。（3）MRI检查。手关节及腕关节的MRI检查可提示早期的滑膜炎病变，对发现RA患者的早期关节破坏很有帮助。（4）超声。关节超声是简易的无创性检查，对于滑膜炎、关节积液以及关节破坏有鉴别意义。研究认为其与MRI有较好的一致性。特殊检查 （1）关节穿刺术。对于有关节腔积液的关节，关节液的检查包括关节液培养、RF检测、抗CCP抗体检测、抗核抗体等，并做偏振光检测鉴别痛风的尿酸盐结晶。（2）关节镜及关节滑膜活检：对RA的诊断及鉴别诊断很有价值，对于单关节难治性的RA有辅助的治疗作用。RA的诊断标准、分期、功能及活动性判断 美国风湿病学会1987年修订的RA分类标准 标准具体见表：其中≥4条可以确诊RA。①晨僵至少1h（≥6周）。②3个或3个以上关节受累（≥6周）。③手关节（腕、MCP或PIP关节）受累（≥6周）。④对称性关节炎（≥6周）。⑤有类风湿皮下结节。⑥X线片改变。,临床药物治疗学\content\chap16.tex,免疫性疾病的药物治疗,类风湿关节炎,诊断,风湿免疫科,免疫性疾病,药物治疗,诊断,3,,"关节,RA,X线,抗体,检查",791,395
⑦血清RF阳性（滴度＞1∶32）。病情分期 （1）早期：有滑膜炎，无软骨破坏。（2）中期：介于上、下间（有炎症、关节破坏、关节外表现）。（3）晚期：已有关节结构破坏，无进行性滑膜炎。关节功能分级 （1）Ⅰ级：功能状态完好，能完成平常任务无碍（能自由活动）。（2）Ⅱ级：能从事正常活动，但有1个或多个关节活动受限或不适（中度受限）。（3）Ⅲ级：只能胜任一般职业性任务或自理生活中的一部分（显著受限）。（4）Ⅳ级：大部分或完全丧失活动能力，需要长期卧床或依赖轮椅，很少或不能生活自理（卧床或轮椅）。活动性指标 （1）关节疼痛≥4个。（2）晨僵＞30min。（3）ESR≥30mm/h。（4）CRP增高。（5）血小板计数增高。（6）贫血。（7）RF（＋）1∶20以上。（8）有关节外表现（发热、贫血、血管炎等）。,临床药物治疗学\content\chap16.tex,免疫性疾病的药物治疗,类风湿关节炎,诊断,风湿免疫科,免疫性疾病,药物治疗,诊断,3,,"关节,受限,滑膜炎,RF,自理",353,176
药物治疗 本病尚缺乏根治方案以及预防措施，当前应用的药物均不能完全控制关节破坏。治疗目的主要：①控制关节及其他组织炎症，延缓病情的进展。②保持关节功能和防止畸形。③修复受损关节以减轻疼痛和恢复功能。为达到上述目的，早期诊断和早期治疗极为重要。治疗原则：①早期诊断，尽早治疗。早期发现进行性或侵袭性疾病患者，尽早应用改变病情药物以控制RA病变的进展。②联合用药：对重症患者应联合应用两种以上改变病情的药物，以使病情完全缓解。联合用药可减少单独用药的剂量，减少不良反应的发生。③治疗方案个体化：根据患者的病情、对药物的作用及不良反应等多方面情况选择个体化治疗方案。④功能锻炼：除急性期、发热以及内脏受累的患者需卧床休息和关节制动外，只要患者可以耐受，应及早地进行关节功能锻炼，以免过久的卧床导致关节废用，甚至促进关节强直。药物分类和作用机制 根据药物作用机制，WHO将抗RA药物分为：①改善症状抗风湿药（symptom modifying anti-rheumatic drugs，SM-ARDs）：这类药物改善炎症性滑膜炎的症状和临床表现，包括NSAIDs、糖皮质激素（glucocorticoid）、改变病情抗风湿药（disease-modifying anti-rheumatic drugs，DMARDs）。②控制疾病的抗风湿治疗药（disease controlling anti-rheumatic therapy，DC-ART）：这类药物能改变RA的病程。其作用为：①改善并维持关节功能，降低滑膜炎症。②防止或明显降低关节病变的进展，且至少维持1年。迄今尚无堪称DC-ART的药物。习惯上把治疗RA的药物分为一线、二线及三线药物（具体见表）。一线药物主要是NSAIDs。二线药物是指DMARDs。三线药物是糖皮质激素类药物。,临床药物治疗学\content\chap16.tex,免疫性疾病的药物治疗,类风湿关节炎,治疗,风湿免疫科,免疫性疾病,药物治疗,概述,3,,"药物,关节,治疗,RA,病情",767,383
\paragraph 此类药物作用机理是抑制环氧化酶（cyclooxygenase，COX），导致炎症介质前列腺素合成减少，从而使炎症减轻，达到消炎止痛的作用。特点是起效快，可缓解关节疼痛及晨僵等症状，但不能控制病情进展。现已发现COX有两种亚型，即COX-1和COX-2，COX-1为结构酶，其底物PGs主要参与调节机体的生理功能，如调节外周血管张力，维持肾血流量，保护胃黏膜及调节血小板聚集等功能。COX-2是诱导酶，存在于白细胞中，炎症和疼痛时合成PGs，临床宜选用不良反应小的COX-2选择性抑制剂。常用的NSAIDs用法及不良反应如表所示。\paragraph 该类药物可以减轻RA的关节症状和体征并延缓关节病变的进展。本组药物包括传统的青霉胺、金制剂、柳氮磺吡啶、抗疟药（氯喹、羟氯喹）等。由于这组药物起效时间平均在6周以上，且其中多数药物并不具备阻止关节破坏的性能，故曾称为慢作用抗风湿药（slow acting anti-rheumatic drugs，SAARDs）。近年来本类药物包括了起效迅速的治疗关节炎的生物制剂（TNF阻滞剂，IL-1阻滞剂），故倾向用DMARDs名词。在广义上，DMARDs类药物中也应包括某些免疫抑制剂，通过抑制细胞和体液免疫反应使组织损伤得以减轻，如MTX、来氟米特、环磷酰胺、AZA等。此外，还包括多种用于RA的植物药制剂，如白芍总苷、雷公藤等，对缓解关节肿痛、晨僵均有较好的作用，但长期缓解病变的作用还需进一步研究。本类药物中常用的药物及其作用机制如表所示。糖皮质激素（Glucocorticoid） 糖皮质激素可有效减轻炎症肿痛、迅速缓解病情，但效果不持久，对病因和发病机理无影响，其主要机制是与靶细胞胞浆内的受体结合，抑制多种炎症因子介导的炎症。,临床药物治疗学\content\chap16.tex,免疫性疾病的药物治疗,类风湿关节炎,治疗,风湿免疫科,免疫性疾病,药物治疗,临床表现,3,,"COX,炎症,关节,类药物,起效",751,375
治疗药物的选用 \paragraph NSAIDs的功效并无太大差异，影响其选用的主要因素包括药物不良反应、服药是否方便、作用持续时间和费用等。无论选择何种NSAIDs，剂量都应个体化。只有在一种NSAIDs足量使用1～2周无效后才更改为另一种。避免同时服用2种或2种以上NSAIDs。老年人宜选用半衰期短的NSAIDs药物，对有溃疡病史的老年人，宜服用选择性COX-2抑制剂以减少胃肠道不良反应。常用的DMARDs DMARDs不能迅速地抗炎止痛，但有改善和延缓病情进展的作用。从疗效和费用等考虑，一般首选MTX，并将它作为联合治疗的基本药物。一般对单用一种DMARDs疗效不好或进展性、预后不良和难治性RA患者可采用机制不同的DMARDs联合治疗。目前常用的联合方案有：①MTX＋SSZ。②MTX＋羟氯喹（或氯喹）。③MTX＋青霉胺。④MTX＋金诺芬。⑤MTX＋AZA。⑥SSZ＋羟氯喹。国内还可采用MTX和植物药（雷公藤多甙和白芍总甙等）联合治疗。如患者对MTX不能耐受，可改用来氟米特或其他DMARDs，难治性RA可用MTX＋来氟米特或多种DMARDs联合治疗。治疗RA应迅速给予NSAIDs缓解疼痛和炎症，尽早使用DMARDs，以减少或延缓骨破坏。早期积极、合理使用DMARDs治疗是减少致残的关键。症状缓解后，为防止病情复发原则上不停药，但也可依据病情逐渐减量维持治疗，直至最终停用。糖皮质激素 一般说来激素不能作为治疗RA的首选药，一旦停药短期内复发，长期应用可导致严重不良反应。治疗药物的相互作用 （1）糖皮质激素与MTX合用可加重后者的毒性作用，两者联用应减少MTX的用量。两药长期联用有可能引起膀胱移行细胞癌，应定期尿检。糖皮质激素与环磷酰胺联用可提高免疫抑制作用，并减少用量。（2）几乎所有的NSAIDs都可抑制MTX肾排泄，增加MTX毒性。,临床药物治疗学\content\chap16.tex,免疫性疾病的药物治疗,类风湿关节炎,治疗,风湿免疫科,免疫性疾病,药物治疗,治疗,3,,"MTX,DMARDs,NSAIDs,治疗,RA",782,391
老人、肾衰者及叶酸耗竭者易受影响，老人和肾功能不全者慎用。常用治疗方案的选用 金字塔模式 金字塔模式的原则是对RA初发患者从一线药物开始，即以NSAIDs为首选药物。如果不能控制病情或患者不能耐受时，再改用二线药物，即DMARDs。如仍不能控制病情则改用三线药物，即糖皮质激素。在使用二线、三线乃至更高层次的药物时，底层的基础治疗仍可继续。下台阶模式 对病情较重的RA患者，一般在2年内发生骨侵蚀性改变。如果遵循金字塔模式易错过治疗时机。Wilske于1990年提出了下台阶模式，其原则是早期使用起效快的糖皮质激素（或NSAIDs）和MTX控制炎症，一旦炎症得到控制，即逐渐停用第一台阶的药物而改用DMARDs，最大限度地发挥各种药物的不同作用。下台阶模式的目的是为了在关节出现损害之前控制病情，并缩短DMARDs的使用时间减轻其不良反应。目前下台阶模式已被广泛采用。锯齿形模式 1990年Fries提出了锯齿形模式，其原则是RA一旦确诊，早期使用DMARDs。一旦发现病情加重或复发，即改变DMARDs，重新控制病情，使RA的病程呈锯齿形。免疫净化 RA患者血中常有高滴度自身抗体、大量循环免疫复合物、高免疫球蛋白等。因此，除药物治疗外，可选用免疫净化疗法，快速去除血浆中的免疫复合物和过高的免疫球蛋白、自身抗体等。如免疫活性淋巴细胞过多，还可采用单个核细胞清除疗法，从而改善T、B细胞及巨噬细胞和自然杀伤细胞功能，降低血液黏滞度，以达到改善症状的目的，同时提高药物治疗的效果。目前常用的免疫净化疗法包括血浆置换、免疫吸附和淋巴细胞/单核细胞去除术，被置换的病理性成分可以是淋巴细胞、粒细胞、免疫球蛋白或血浆等，应用此方法时需配合药物治疗。功能锻炼 必须强调，功能锻炼是RA患者关节功能得以恢复及维持的重要方法。一般说来，在关节肿痛明显的急性期，应适当限制关节活动。,临床药物治疗学\content\chap16.tex,免疫性疾病的药物治疗,类风湿关节炎,治疗,风湿免疫科,免疫性疾病,药物治疗,治疗,3,,"RA,免疫,药物,DMARDs,模式",784,392
但是，一旦肿痛改善，应在不增加患者痛苦的前提下进行功能活动。对无明显关节肿痛，但伴有可逆性关节活动受限者，应鼓励其进行正规的功能锻炼。在有条件的医疗机构，应在风湿病专科及康复专科医师的指导下进行。外科治疗 经内科治疗不能控制及严重关节功能障碍的RA患者，外科手术是有效的治疗手段。外科治疗的范围从腕管综合征的松解术、肌腱撕裂后修补术至滑膜切除及关节置换术。,临床药物治疗学\content\chap16.tex,免疫性疾病的药物治疗,类风湿关节炎,治疗,风湿免疫科,免疫性疾病,药物治疗,治疗,3,,"关节,治疗,肿痛,专科,外科",178,89
系统性红斑狼疮（systemic lupus erythematosus，SLE）是严重危害人体健康的常见病，由自身免疫介导，以免疫性炎症为突出表现的弥漫性结缔组织病。患者体内出现大量自身抗体（以抗核抗体为代表）和多系统累及是SLE的两个主要临床特征。本病女性约占90％，常为育龄妇女。我国患病率约为70/10万。病因与发病机制 病因 SLE病因尚不清楚，可能与环境、性激素、药物和遗传等多种因素有关。遗传素质 SLE有遗传倾向性及家族发病聚集性，同卵孪生者共患SLE的频率（25％～50％）明显高于异卵孪生者（5％），SLE患者近亲中本病的发生率高于一般人群SLE的发病率，说明SLE存在遗传的易感性。环境因素 （1）日光。日光过敏见于40％的SLE患者，表现为光照部位出现红斑，皮疹加重或全身情况恶化等，称为光敏感现象。使SLE患者出现光敏感现象的紫外线主要是波长为290～320nm的紫外线B，具有较强的穿透能力，可穿过云雾层和玻璃。（2）感染。许多间接依据提示SLE的发病与某些感染因素有关，特别是病毒感染，可通过分子模拟或超抗原作用引起自身免疫反应。（3）药物。含有芳香族胺基团或联胺基团的药物可诱发药物性狼疮，可分为两类：第一类是诱发SLE症状的药物，如青霉胺、磺胺类、保泰松和金制剂等。第二类是引起狼疮样综合征的药物，如肼屈嗪、普鲁卡因胺和苯妥英钠，这类药物在应用较长时间和较大剂量后患者可出现SLE的临床症状及实验室改变，SLE患者应慎用。性激素 SLE在女性多发，在育龄妇女多发，妊娠期和产后哺乳期可诱发本病或使病情活动，提示雌激素对SLE的发病及加重有促进作用。目前研究发现，SLE患者体内雌激素水平增高，雄激素降低，同时泌乳素增高可能对SLE病情有影响。发病机制 本病发病机制尚未完全清楚。,临床药物治疗学\content\chap16.tex,免疫性疾病的药物治疗,系统性红斑狼疮,,风湿免疫科,免疫性疾病,药物治疗,概述,2,,"SLE,发病,患者,本病,药物",756,378
一般认为是在遗传、环境和性激素等多种因素作用下，引起机体免疫调节功能紊乱，出现T、B淋巴细胞和巨噬细胞功能异常，造成免疫耐受异常，致使淋巴细胞不能正确识别自身组织，导致自身免疫反应的发生和持续。B淋巴细胞 SLE的突出特点是B淋巴细胞功能亢进，95％以上的患者抗核抗体呈阳性。可能是环境因素（感染）或超抗原等刺激B淋巴细胞引起B细胞丧失自身耐受，或T辅助淋巴细胞功能亢进促使B细胞保持持续的高活跃状态而产生多种自身抗体，特别是抗核抗体（antinuclear antibodies），这是本病的免疫学特点，也是本病发生和延续的主要因素之一。T淋巴细胞 T细胞是产生和保证自身免疫耐受的主要原因，SLE存在T细胞的多种异常。表现为T抑制细胞（CD$_8^+$ ）减少，T辅助细胞（CD$_4^+$ ）功能过强及“双阴性”（CD$_4^-$CD$_8^-$ ）T细胞增加。SLE中大多数致病性自身抗体的产生都是依赖于T细胞。细胞因子异常 研究发现SLE患者细胞因子分泌异常。狼疮中单核细胞自发产生IL-1和IL-6增加，在活动期更明显，这些细胞因子引起B细胞多克隆活化产生自身抗体。IL-1可诱导IL-8、IL-6、TNF等炎症因子产生，与狼疮肾炎有关，IL-1活性与光过敏亦有关。几乎所有SLE患者血清中IL-2水平均升高，且活动期比缓解期高，IL-2为T细胞的生长因子，由CD$_4^+$ 细胞产生。在SLE活动期，IL-10水平升高，IgG生成增加。临床表现 全身症状 起病可急可缓，多数早期表现为非特异的全身症状，如发热，尤以低热常见，以及全身不适、乏力、体重减轻等。病情常缓重交替出现。感染、日晒、药物、精神创伤、手术等均可诱发或加重。皮肤和黏膜 皮疹常见，约40％患者有面部典型红斑称为蝶形红斑。急性期有水肿、色鲜红，略有毛细血管扩张及鳞片状脱屑，严重者出现水疱、溃疡、皮肤萎缩和色素沉着。,临床药物治疗学\content\chap16.tex,免疫性疾病的药物治疗,系统性红斑狼疮,,风湿免疫科,免疫性疾病,药物治疗,治疗,2,,"IL,SLE,细胞,淋巴细胞,CD",799,399
手掌大小鱼际、指端及指（趾）甲周红斑，身体皮肤暴露部位有斑丘疹、紫斑等。出现各种皮肤损害者约占总患病数的80％，毛发易断裂，可有斑秃。15％～20％的患者有雷诺现象。口腔黏膜出现水泡、溃疡，约占12％。少数患者病程中发生带状疱疹。关节、肌肉 约90％以上患者有关节肿痛，且往往是就诊的首发症状，最易受累的是手近端指间关节，膝、足、髁、腕关节均可累及。关节肿痛多呈对称性。约半数患者有晨僵。X线检查常无明显改变，仅少数患者有关节畸形。肌肉酸痛、无力是常见症状。肾脏 约50％患者有肾脏疾病临床表现，如蛋白尿、血尿、管型尿、白细胞尿、低比重尿、浮肿、血压增高、血尿素氮和肌酐增高等，电子显微镜和免疫荧光检查几乎均有肾脏病理学异常。胃肠道 部分患者可表现为胃肠道症状，如上消化道出血、便血、腹水、麻痹性肠梗阻等，这是由于胃肠道的血管炎所致，如肠系膜血管炎。肠系膜血管的动、静脉伴行，支配胃肠营养和功能，如发生病变，则所支配的部位产生相应症状，严重时累及生命。肠系膜血管炎可以导致胃肠道黏膜溃疡、小肠和结肠水肿、梗阻、出血、腹水等，出现腹痛、腹胀、腹泻、便血和黑粪、麻痹性肠梗阻等临床表现。如不及时诊断、治疗，可致肠坏死、穿孔，造成严重后果。神经系统 SLE的神经累及又称为神经精神性狼疮，往往与SLE活动性相关。轻者仅有偏头痛、性格改变、轻度认知障碍。重者可表现为脑血管意外、昏迷、癫痫 持续状态等。癫痫 是中枢神经系统受累的最常见表现，以大发作多见。神经精神狼疮以弥漫性的高级皮层功能障碍为表现的多与抗神经元抗体、抗核糖体P蛋白抗体相关，以局灶性神经定位体征为表现的多伴有抗磷脂抗体阳性或有全身血管炎或明显病情活动。肝 SLE引起的肝功能损害主要表现为肝肿大、黄疸、肝功能异常以及血清中可存在多种自身抗体等。其中，肝肿大约占10％～32％，多在肋下2～3cm，少数可明显肿大。,临床药物治疗学\content\chap16.tex,免疫性疾病的药物治疗,系统性红斑狼疮,,风湿免疫科,免疫性疾病,药物治疗,概述,2,,"患者,血管炎,关节,胃肠道,SLE",786,393
红斑狼疮引起黄疸的原因很多，主要有溶血性贫血、合并病毒性肝炎，胆道梗阻及急性胰腺炎等。约30％～60％的红斑狼疮患者可有肝功能试验异常，主要表现为转氨酶水平升高、血清白蛋白水平降低、球蛋白水平及血脂水平升高等。红斑狼疮合并肝功能损害常常为轻、中度肝功能异常，严重肝功能损害者较少见。SLE可并发I型自身免疫性肝炎（狼疮性肝炎），多发生于年轻的女性，临床上可表现为乏力、关节痛、发热、肝脾肿大、黄疸等。心脏 约10％～50％的患者出现心脏病变，可能由于疾病本身，也可能由于长期服用糖皮质激素治疗引起。心脏病变包括心包炎、心肌炎、心内膜及瓣膜病变等，依个体病变不同，表现有胸闷、胸痛、心悸、心脏扩大、充血性心力衰竭和心律失常等。肺 肺和胸膜受累约占50％，其中约10％患狼疮性肺炎、胸膜炎和胸腔积液较常见，肺实质损害多数为间质性肺炎和肺间质纤维化，引起肺不张和肺功能障碍。狼疮性肺炎的特征是肺部有斑状浸润，可由一侧转到另一侧，激素治疗能使影消除。在狼疮性肺损害基础上，常继发细菌感染。血液系统 SLE患者常有贫血、白细胞和血小板计数减少。活动性SLE约60％的患者有慢性贫血，10％属溶血性贫血，约40％患者白细胞计数减少或淋巴细胞绝对数减少，本病所致的白细胞计数减少一般发生在治疗前或疾病复发时，大多对激素敏感，与细胞毒药物所致细胞减少不同。约20％患者有血小板计数减少，发生各系统出血如鼻出血、牙龈出血、皮肤紫癜、血尿、便血、颅内出血等。其他 部分患者在病变活动时出现淋巴结和腮腺肿大。眼部受累较普遍，如结合膜炎和视网膜病变，少数视力障碍。患者可有月经紊乱和闭经。,临床药物治疗学\content\chap16.tex,免疫性疾病的药物治疗,系统性红斑狼疮,,风湿免疫科,免疫性疾病,药物治疗,治疗,2,,"狼疮性,患者,肝功能,计数,SLE",682,341
诊断 实验室改变 活动期ESR增快，IgG、IgA和IgM均增高，75％～90％的患者血补体C 、C 降低，50％～60％的患者抗心磷脂抗体IgG型或IgM型阳性，80％～95％的患者抗核抗体（ANA）阳性，血清ANA效价≥1∶80，对结缔组织病有诊断意义，狼疮带实验SLE阳性率为70％，IgG沉着诊断意义更大。SLE的分期 （1）轻型SLE：约占25％，实验室检查符合，症状较轻，仅有皮疹，或虽有轻度活动性，但症状轻微，如疲倦、关节痛、肌肉痛、皮疹等，而累及的靶器官功能正常或稳定。（2）重型SLE：活动程度较高，病情较严重，患者有发热、乏力等全身症状，实验室检查有明显异常。（3）急性暴发性危重SLE：指SLE患者病情突发恶化，狼疮高热持久不退、急性肾衰竭、狼疮脑病癫痫 发作、狼疮心肌损害、狼疮血液危象等。诊断标准 根据1972年及1982年的美国风湿医学会标准，凡具有下列11项准则中的任意4项以上，可诊断为红斑性狼疮：①面颊有红斑------脸上之蝶形皮疹。②圆盘红斑。③阳光过敏。④口腔溃疡。⑤非糜烂性关节炎。⑥浆液膜炎包括有肋膜炎或心包膜炎。⑦肾功能障碍，出现蛋白尿或尿中有圆柱体。⑧神经障碍如抽搐或精神病。⑨血液障碍主要是溶血性贫血，网状血球增多，加上下列之一：白细胞计数过低（＜4000/mm ）、淋巴细胞数量过少（＜1500/mm ）、血小板计数过少（＜100000/mm ）。⑩免疫系统障碍有下列之一：狼疮细胞阳性反应、DNA抗体、核酸核蛋白抗体、梅毒血清假阳性反应半年以上。⑪抗核抗体（ANA）阳性反应。治疗 药物治疗 SLE目前虽不能根治，但合理治疗可以缓解，尤其是早期患者。强调早期诊断、早期治疗，以避免或延缓不可逆的组织脏器的病理损害，维持重要脏器功能。在疾病的活动期应积极控制病情，使其逐步稳定，达到缓解或长期平稳。,临床药物治疗学\content\chap16.tex,免疫性疾病的药物治疗,系统性红斑狼疮,,风湿免疫科,免疫性疾病,药物治疗,临床表现,2,,"狼疮,SLE,抗体,诊断,患者",775,387
SLE的治疗主要包括控制炎症反应、免疫抑制、免疫调节和对症治疗。药物分类和作用机制 治疗SLE药物主要包括抗炎药物如NSAIDs、抗疟药和糖皮质激素。免疫抑制剂有环磷酰胺、AZA和CsA。抗疟药有抗光敏和稳定溶酶体膜作用，并具有在皮肤积蓄较多的特点，对控制皮损、光敏和轻度关节炎有效。该类药物的主要不良反应是引起视网膜退行性病变，服药期间应定期检查眼底，一般在治疗开始用药6个月后检查1次，以后每隔3个月复查。另有心脏病患者，特别是心动过缓或传导阻滞者禁用。糖皮质激素直接作用于G 期细胞及免疫效应淋巴细胞，抑制炎症反应，对炎症细胞及炎症介质也有强力的抑制作用，是目前治疗SLE的主要和基本药物。适用于有内脏损害或血液病变和病情活动者。环磷酰胺（CTX）作用于免疫系统的定向干细胞S期，抑制细胞分化、增殖，从而抑制免疫效应细胞，作用较缓慢但持久。对体液免疫的抑制作用较强，能抑制B细胞增殖和抗体生成，对T细胞介导的免疫非特异性炎症反应也有效。AZA主要抑制非特异性炎症反应，抑制细胞免疫。其不良反应较CTX少，尤其对肿瘤免疫监视系统和性腺影响小。CsA可特异性抑制T淋巴细胞IL-2的产生，发挥选择性的细胞免疫抑制作用，主要影响G 和G 早期细胞，对已合成DNA的细胞无明显作用。治疗药物的选用 轻型SLE 症状轻微，无明显内脏损害。平时要避免日光刺激，穿保护性衣服，外出时用光防护系数在15以上的遮光剂，避免日光浴。如只有皮疹者，可短期局部应用激素，但脸部应尽量避免使用强效激素类外用。皮疹多，外用无效者可用抗疟药，氯喹每日200mg，每日1次，或羟氯喹每日200～400mg，每日1或2次，治疗2～3周。氯喹对光过敏和关节症状也有一定疗效。也可用NSAIDs如双氯芬酸25mg，每日3次。如上述治疗无效，应及早服用小剂量糖皮质激素治疗，必要时加用免疫抑制剂。,临床药物治疗学\content\chap16.tex,免疫性疾病的药物治疗,系统性红斑狼疮,,风湿免疫科,免疫性疾病,药物治疗,概述,2,,"细胞,免疫,治疗,炎症,SLE",781,390
应注意轻型SLE可因过敏、感染、妊娠生育、环境变化等因素而加重。重型SLE 治疗主要分诱导缓解和维持治疗两个阶段。诱导缓解目的在于迅速控制病情，阻止或逆转内脏损害，力求疾病完全缓解，多数患者的诱导缓解期需要超过半年至1年，但应注意过分免疫抑制诱发的并发症，尤其是感染、性腺抑制等。（1）糖皮质激素：通常选用中效制剂泼尼松，常规剂量为每日60～100mg，病情较轻可采用中小剂量如每日30～40mg。足量激素持续6～8周，病情明显好转后缓慢减量，最后以最小有效剂量长期维持（≤每日10mg）。在治疗过程中应同时或适时加用免疫抑制剂，如环磷酰胺、AZA等，以便更快地诱导病情缓解和巩固疗效，并避免长期使用较大剂量激素导致的严重不良反应。SLE的激素疗程较漫长，应注意保护下丘脑---垂体---肾上腺轴，避免使用对该轴影响较大的长效激素。（2）细胞毒类药物与激素合用能有效地诱导疾病缓解，提高疗效，阻止和逆转病变的发展，改善远期预后，并有助于激素顺利撤减。该类药物中环磷酰胺为首选，其次为AZA。CTX口服每日1.0～2.5mg/kg，也可静脉用CTX 200mg/kg，每周3次，或400mg/kg，每周2次。或采用大剂量静脉冲击疗法。用药期间应密切注意血象监测，避免导致白细胞计数过低。AZA在控制肾脏和神经系统病变效果较差，而对浆膜炎、血液系统、皮疹等较好，可引起造血危象，严重粒细胞和血小板缺乏症。MTX通过抑制核酸的合成发挥细胞毒作用，疗效不及环磷酰胺冲击疗法，但长期用药耐受性较佳。主要用于关节炎、肌炎、浆膜炎和皮肤损害为主的SLE。如大剂量激素联合环磷酰胺或AZA使用4～12周，病情仍不改善，应加用CSA，每日5mg/kg，分2次服用，服用3个月，以后每月减1mg/kg，至每日3mg/kg作维持治疗。其主要不良反应为肝肾功能损害，使用期间应予以监测。,临床药物治疗学\content\chap16.tex,免疫性疾病的药物治疗,系统性红斑狼疮,,风湿免疫科,免疫性疾病,药物治疗,治疗,2,,"kg,激素,SLE,AZA,环磷酰胺",781,390
在需用CTX的病例，由于血白细胞计数减少而暂不能使用者，亦可用本药暂时替代。SLE达到诱导缓解后，应继续巩固治疗。目的在于用最少的药物防止疾病复发，尽可能使患者维持在“无病状态”。口服泼尼松7.5～20mg和每日口服硫唑嘌呤50～100mg维持，部分患者需终身服用激素治疗。必须强调对患者的长期随访。急性暴发性危重SLE 在SLE有重要脏器累及，乃至出现狼疮危象的情况下，如急性爆发性狼疮、重症狼疮性肾炎、中枢神经狼疮和急性自身免疫性贫血、血小板减少性紫癜等需应用以下冲击疗法。（1）甲基泼尼松龙（Methylprednisolone，MP）冲击疗法：即甲基泼尼松龙用至500～1000mg，每日1次，加入5％葡萄糖200mL，静脉滴注1h左右，连续3d为1个疗程，疗程间隔期5～30d，间隔期和冲击后需每日口服泼尼松0.5～1mg/kg，疗程和间隔期长短视具体病情而定。MP冲击疗法只能解决急性期的症状，随后的治疗必须有一定量的激素与环磷酰胺冲击疗法配合使用，否则病情容易反复。需强调的是，在大剂量冲击治疗前或治疗中应密切观察有无感染发生。如有感染应及时给予相应的抗感染治疗。对活动程度严重的SLE，加用细胞毒药物有利于更好地控制SLE活动，减少SLE暴发，同时减少激素的需用量。（2）目前推荐采用美国国立卫生院的CTX冲击疗法：即0.5～1.0g/m 体表面积，静脉注射，每月1次，连续3～6个月后每3个月1次，共2年。多数患者6～12月可缓解病情而进入巩固治疗阶段。由于对环磷酰胺的敏感性存在个体差异，年龄、病情、病程和体质等使其对药物的耐受性有所区别，所以治疗时应根据患者的具体情况，掌握好剂量、冲击间隔期和疗程。除白细胞计数减少和诱发感染外，环磷酰胺冲击治疗的不良反应包括性腺抑制、胃肠道反应、脱发和肝功能损害等。,临床药物治疗学\content\chap16.tex,免疫性疾病的药物治疗,系统性红斑狼疮,,风湿免疫科,免疫性疾病,药物治疗,临床表现,2,,"SLE,冲击疗法,治疗,泼尼松,间隔期",762,381
狼疮性脑病、肾炎或严重血小板计数减少可静脉注射大剂量丙种球蛋白，本疗法是一种强有力的辅助治疗措施，对危重的难治性SLE也颇有效。常用剂量200～400mg/kg静脉注射，每日1次，连续3～5d，必要时每3～4周重复1次。对狼疮脑病癫痫 发作者、急性肾衰竭者、狼疮心肌损害严重者，除使用甲泼尼龙冲击疗法和CTX冲击疗法外，还需进行对症治疗。狼疮癫痫 发作者，宜地西泮肌注或用卡马西平等抗癫痫 药。急性肾衰竭者，宜在血液透析或腹膜透析基础上加强免疫干预治疗。心力衰竭者，宜减轻心脏前后负荷和适当使用洋地黄制剂。常用治疗方案的选用 SLE病程迁延、病变活动与缓解可反复出现，治疗后只能得到不同程度的缓解，而治疗药物常带来严重不良反应。因此，在制定治疗方案时应认真考虑如何达到最大治疗效果与最小药物不良反应之间的平衡。要考虑个体化原则，又要掌握治疗的风险与效应之比，制定具体的治疗方案（见表）。其他治疗 所有SLE患者均应进行包括心理及精神支持、避免日晒或紫外线照射、预防和治疗感染或其他并发症及依据病情选用适当的锻炼方式。对于常规治疗不能控制或重症患者，可选用大剂量免疫球蛋白冲击，血浆置换等方法进行治疗。,临床药物治疗学\content\chap16.tex,免疫性疾病的药物治疗,系统性红斑狼疮,,风湿免疫科,免疫性疾病,药物治疗,治疗,2,,"治疗,狼疮,SLE,剂量,冲击疗法",500,250
病因 SLE病因尚不清楚，可能与环境、性激素、药物和遗传等多种因素有关。遗传素质 SLE有遗传倾向性及家族发病聚集性，同卵孪生者共患SLE的频率（25％～50％）明显高于异卵孪生者（5％），SLE患者近亲中本病的发生率高于一般人群SLE的发病率，说明SLE存在遗传的易感性。环境因素 （1）日光。日光过敏见于40％的SLE患者，表现为光照部位出现红斑，皮疹加重或全身情况恶化等，称为光敏感现象。使SLE患者出现光敏感现象的紫外线主要是波长为290～320nm的紫外线B，具有较强的穿透能力，可穿过云雾层和玻璃。（2）感染。许多间接依据提示SLE的发病与某些感染因素有关，特别是病毒感染，可通过分子模拟或超抗原作用引起自身免疫反应。（3）药物。含有芳香族胺基团或联胺基团的药物可诱发药物性狼疮，可分为两类：第一类是诱发SLE症状的药物，如青霉胺、磺胺类、保泰松和金制剂等。第二类是引起狼疮样综合征的药物，如肼屈嗪、普鲁卡因胺和苯妥英钠，这类药物在应用较长时间和较大剂量后患者可出现SLE的临床症状及实验室改变，SLE患者应慎用。性激素 SLE在女性多发，在育龄妇女多发，妊娠期和产后哺乳期可诱发本病或使病情活动，提示雌激素对SLE的发病及加重有促进作用。目前研究发现，SLE患者体内雌激素水平增高，雄激素降低，同时泌乳素增高可能对SLE病情有影响。发病机制 本病发病机制尚未完全清楚。一般认为是在遗传、环境和性激素等多种因素作用下，引起机体免疫调节功能紊乱，出现T、B淋巴细胞和巨噬细胞功能异常，造成免疫耐受异常，致使淋巴细胞不能正确识别自身组织，导致自身免疫反应的发生和持续。B淋巴细胞 SLE的突出特点是B淋巴细胞功能亢进，95％以上的患者抗核抗体呈阳性。,临床药物治疗学\content\chap16.tex,免疫性疾病的药物治疗,系统性红斑狼疮,病因与发病机制,风湿免疫科,免疫性疾病,药物治疗,概述,3,,"SLE,患者,遗传,发病,淋巴细胞",729,364
可能是环境因素（感染）或超抗原等刺激B淋巴细胞引起B细胞丧失自身耐受，或T辅助淋巴细胞功能亢进促使B细胞保持持续的高活跃状态而产生多种自身抗体，特别是抗核抗体（antinuclear antibodies），这是本病的免疫学特点，也是本病发生和延续的主要因素之一。T淋巴细胞 T细胞是产生和保证自身免疫耐受的主要原因，SLE存在T细胞的多种异常。表现为T抑制细胞（CD$_8^+$ ）减少，T辅助细胞（CD$_4^+$ ）功能过强及“双阴性”（CD$_4^-$CD$_8^-$ ）T细胞增加。SLE中大多数致病性自身抗体的产生都是依赖于T细胞。细胞因子异常 研究发现SLE患者细胞因子分泌异常。狼疮中单核细胞自发产生IL-1和IL-6增加，在活动期更明显，这些细胞因子引起B细胞多克隆活化产生自身抗体。IL-1可诱导IL-8、IL-6、TNF等炎症因子产生，与狼疮肾炎有关，IL-1活性与光过敏亦有关。几乎所有SLE患者血清中IL-2水平均升高，且活动期比缓解期高，IL-2为T细胞的生长因子，由CD$_4^+$ 细胞产生。在SLE活动期，IL-10水平升高，IgG生成增加。,临床药物治疗学\content\chap16.tex,免疫性疾病的药物治疗,系统性红斑狼疮,病因与发病机制,风湿免疫科,免疫性疾病,药物治疗,概述,3,,"IL,细胞,SLE,CD,细胞因子",488,244
全身症状 起病可急可缓，多数早期表现为非特异的全身症状，如发热，尤以低热常见，以及全身不适、乏力、体重减轻等。病情常缓重交替出现。感染、日晒、药物、精神创伤、手术等均可诱发或加重。皮肤和黏膜 皮疹常见，约40％患者有面部典型红斑称为蝶形红斑。急性期有水肿、色鲜红，略有毛细血管扩张及鳞片状脱屑，严重者出现水疱、溃疡、皮肤萎缩和色素沉着。手掌大小鱼际、指端及指（趾）甲周红斑，身体皮肤暴露部位有斑丘疹、紫斑等。出现各种皮肤损害者约占总患病数的80％，毛发易断裂，可有斑秃。15％～20％的患者有雷诺现象。口腔黏膜出现水泡、溃疡，约占12％。少数患者病程中发生带状疱疹。关节、肌肉 约90％以上患者有关节肿痛，且往往是就诊的首发症状，最易受累的是手近端指间关节，膝、足、髁、腕关节均可累及。关节肿痛多呈对称性。约半数患者有晨僵。X线检查常无明显改变，仅少数患者有关节畸形。肌肉酸痛、无力是常见症状。肾脏 约50％患者有肾脏疾病临床表现，如蛋白尿、血尿、管型尿、白细胞尿、低比重尿、浮肿、血压增高、血尿素氮和肌酐增高等，电子显微镜和免疫荧光检查几乎均有肾脏病理学异常。胃肠道 部分患者可表现为胃肠道症状，如上消化道出血、便血、腹水、麻痹性肠梗阻等，这是由于胃肠道的血管炎所致，如肠系膜血管炎。肠系膜血管的动、静脉伴行，支配胃肠营养和功能，如发生病变，则所支配的部位产生相应症状，严重时累及生命。肠系膜血管炎可以导致胃肠道黏膜溃疡、小肠和结肠水肿、梗阻、出血、腹水等，出现腹痛、腹胀、腹泻、便血和黑粪、麻痹性肠梗阻等临床表现。如不及时诊断、治疗，可致肠坏死、穿孔，造成严重后果。神经系统 SLE的神经累及又称为神经精神性狼疮，往往与SLE活动性相关。轻者仅有偏头痛、性格改变、轻度认知障碍。重者可表现为脑血管意外、昏迷、癫痫 持续状态等。癫痫 是中枢神经系统受累的最常见表现，以大发作多见。,临床药物治疗学\content\chap16.tex,免疫性疾病的药物治疗,系统性红斑狼疮,临床表现,风湿免疫科,免疫性疾病,药物治疗,概述,3,,"患者,症状,关节,胃肠道,肠系膜",791,395
神经精神狼疮以弥漫性的高级皮层功能障碍为表现的多与抗神经元抗体、抗核糖体P蛋白抗体相关，以局灶性神经定位体征为表现的多伴有抗磷脂抗体阳性或有全身血管炎或明显病情活动。肝 SLE引起的肝功能损害主要表现为肝肿大、黄疸、肝功能异常以及血清中可存在多种自身抗体等。其中，肝肿大约占10％～32％，多在肋下2～3cm，少数可明显肿大。红斑狼疮引起黄疸的原因很多，主要有溶血性贫血、合并病毒性肝炎，胆道梗阻及急性胰腺炎等。约30％～60％的红斑狼疮患者可有肝功能试验异常，主要表现为转氨酶水平升高、血清白蛋白水平降低、球蛋白水平及血脂水平升高等。红斑狼疮合并肝功能损害常常为轻、中度肝功能异常，严重肝功能损害者较少见。SLE可并发I型自身免疫性肝炎（狼疮性肝炎），多发生于年轻的女性，临床上可表现为乏力、关节痛、发热、肝脾肿大、黄疸等。心脏 约10％～50％的患者出现心脏病变，可能由于疾病本身，也可能由于长期服用糖皮质激素治疗引起。心脏病变包括心包炎、心肌炎、心内膜及瓣膜病变等，依个体病变不同，表现有胸闷、胸痛、心悸、心脏扩大、充血性心力衰竭和心律失常等。肺 肺和胸膜受累约占50％，其中约10％患狼疮性肺炎、胸膜炎和胸腔积液较常见，肺实质损害多数为间质性肺炎和肺间质纤维化，引起肺不张和肺功能障碍。狼疮性肺炎的特征是肺部有斑状浸润，可由一侧转到另一侧，激素治疗能使影消除。在狼疮性肺损害基础上，常继发细菌感染。血液系统 SLE患者常有贫血、白细胞和血小板计数减少。活动性SLE约60％的患者有慢性贫血，10％属溶血性贫血，约40％患者白细胞计数减少或淋巴细胞绝对数减少，本病所致的白细胞计数减少一般发生在治疗前或疾病复发时，大多对激素敏感，与细胞毒药物所致细胞减少不同。约20％患者有血小板计数减少，发生各系统出血如鼻出血、牙龈出血、皮肤紫癜、血尿、便血、颅内出血等。,临床药物治疗学\content\chap16.tex,免疫性疾病的药物治疗,系统性红斑狼疮,临床表现,风湿免疫科,免疫性疾病,药物治疗,临床表现,3,,"肝功能,狼疮性,SLE,10,患者",782,391
其他 部分患者在病变活动时出现淋巴结和腮腺肿大。眼部受累较普遍，如结合膜炎和视网膜病变，少数视力障碍。患者可有月经紊乱和闭经。,临床药物治疗学\content\chap16.tex,免疫性疾病的药物治疗,系统性红斑狼疮,临床表现,风湿免疫科,免疫性疾病,药物治疗,临床表现,3,,"病变,患者,腮腺,膜炎,闭经",63,31
实验室改变 活动期ESR增快，IgG、IgA和IgM均增高，75％～90％的患者血补体C 、C 降低，50％～60％的患者抗心磷脂抗体IgG型或IgM型阳性，80％～95％的患者抗核抗体（ANA）阳性，血清ANA效价≥1∶80，对结缔组织病有诊断意义，狼疮带实验SLE阳性率为70％，IgG沉着诊断意义更大。SLE的分期 （1）轻型SLE：约占25％，实验室检查符合，症状较轻，仅有皮疹，或虽有轻度活动性，但症状轻微，如疲倦、关节痛、肌肉痛、皮疹等，而累及的靶器官功能正常或稳定。（2）重型SLE：活动程度较高，病情较严重，患者有发热、乏力等全身症状，实验室检查有明显异常。（3）急性暴发性危重SLE：指SLE患者病情突发恶化，狼疮高热持久不退、急性肾衰竭、狼疮脑病癫痫 发作、狼疮心肌损害、狼疮血液危象等。诊断标准 根据1972年及1982年的美国风湿医学会标准，凡具有下列11项准则中的任意4项以上，可诊断为红斑性狼疮：①面颊有红斑------脸上之蝶形皮疹。②圆盘红斑。③阳光过敏。④口腔溃疡。⑤非糜烂性关节炎。⑥浆液膜炎包括有肋膜炎或心包膜炎。⑦肾功能障碍，出现蛋白尿或尿中有圆柱体。⑧神经障碍如抽搐或精神病。⑨血液障碍主要是溶血性贫血，网状血球增多，加上下列之一：白细胞计数过低（＜4000/mm ）、淋巴细胞数量过少（＜1500/mm ）、血小板计数过少（＜100000/mm ）。⑩免疫系统障碍有下列之一：狼疮细胞阳性反应、DNA抗体、核酸核蛋白抗体、梅毒血清假阳性反应半年以上。⑪抗核抗体（ANA）阳性反应。,临床药物治疗学\content\chap16.tex,免疫性疾病的药物治疗,系统性红斑狼疮,诊断,风湿免疫科,免疫性疾病,药物治疗,临床表现,3,,"狼疮,SLE,抗体,IgG,ANA",662,331
药物治疗 SLE目前虽不能根治，但合理治疗可以缓解，尤其是早期患者。强调早期诊断、早期治疗，以避免或延缓不可逆的组织脏器的病理损害，维持重要脏器功能。在疾病的活动期应积极控制病情，使其逐步稳定，达到缓解或长期平稳。SLE的治疗主要包括控制炎症反应、免疫抑制、免疫调节和对症治疗。药物分类和作用机制 治疗SLE药物主要包括抗炎药物如NSAIDs、抗疟药和糖皮质激素。免疫抑制剂有环磷酰胺、AZA和CsA。抗疟药有抗光敏和稳定溶酶体膜作用，并具有在皮肤积蓄较多的特点，对控制皮损、光敏和轻度关节炎有效。该类药物的主要不良反应是引起视网膜退行性病变，服药期间应定期检查眼底，一般在治疗开始用药6个月后检查1次，以后每隔3个月复查。另有心脏病患者，特别是心动过缓或传导阻滞者禁用。糖皮质激素直接作用于G 期细胞及免疫效应淋巴细胞，抑制炎症反应，对炎症细胞及炎症介质也有强力的抑制作用，是目前治疗SLE的主要和基本药物。适用于有内脏损害或血液病变和病情活动者。环磷酰胺（CTX）作用于免疫系统的定向干细胞S期，抑制细胞分化、增殖，从而抑制免疫效应细胞，作用较缓慢但持久。对体液免疫的抑制作用较强，能抑制B细胞增殖和抗体生成，对T细胞介导的免疫非特异性炎症反应也有效。AZA主要抑制非特异性炎症反应，抑制细胞免疫。其不良反应较CTX少，尤其对肿瘤免疫监视系统和性腺影响小。CsA可特异性抑制T淋巴细胞IL-2的产生，发挥选择性的细胞免疫抑制作用，主要影响G 和G 早期细胞，对已合成DNA的细胞无明显作用。治疗药物的选用 轻型SLE 症状轻微，无明显内脏损害。平时要避免日光刺激，穿保护性衣服，外出时用光防护系数在15以上的遮光剂，避免日光浴。如只有皮疹者，可短期局部应用激素，但脸部应尽量避免使用强效激素类外用。,临床药物治疗学\content\chap16.tex,免疫性疾病的药物治疗,系统性红斑狼疮,治疗,风湿免疫科,免疫性疾病,药物治疗,概述,3,,"细胞,SLE,治疗,炎症,免疫",751,375
皮疹多，外用无效者可用抗疟药，氯喹每日200mg，每日1次，或羟氯喹每日200～400mg，每日1或2次，治疗2～3周。氯喹对光过敏和关节症状也有一定疗效。也可用NSAIDs如双氯芬酸25mg，每日3次。如上述治疗无效，应及早服用小剂量糖皮质激素治疗，必要时加用免疫抑制剂。应注意轻型SLE可因过敏、感染、妊娠生育、环境变化等因素而加重。重型SLE 治疗主要分诱导缓解和维持治疗两个阶段。诱导缓解目的在于迅速控制病情，阻止或逆转内脏损害，力求疾病完全缓解，多数患者的诱导缓解期需要超过半年至1年，但应注意过分免疫抑制诱发的并发症，尤其是感染、性腺抑制等。（1）糖皮质激素：通常选用中效制剂泼尼松，常规剂量为每日60～100mg，病情较轻可采用中小剂量如每日30～40mg。足量激素持续6～8周，病情明显好转后缓慢减量，最后以最小有效剂量长期维持（≤每日10mg）。在治疗过程中应同时或适时加用免疫抑制剂，如环磷酰胺、AZA等，以便更快地诱导病情缓解和巩固疗效，并避免长期使用较大剂量激素导致的严重不良反应。SLE的激素疗程较漫长，应注意保护下丘脑---垂体---肾上腺轴，避免使用对该轴影响较大的长效激素。（2）细胞毒类药物与激素合用能有效地诱导疾病缓解，提高疗效，阻止和逆转病变的发展，改善远期预后，并有助于激素顺利撤减。该类药物中环磷酰胺为首选，其次为AZA。CTX口服每日1.0～2.5mg/kg，也可静脉用CTX 200mg/kg，每周3次，或400mg/kg，每周2次。或采用大剂量静脉冲击疗法。用药期间应密切注意血象监测，避免导致白细胞计数过低。AZA在控制肾脏和神经系统病变效果较差，而对浆膜炎、血液系统、皮疹等较好，可引起造血危象，严重粒细胞和血小板缺乏症。MTX通过抑制核酸的合成发挥细胞毒作用，疗效不及环磷酰胺冲击疗法，但长期用药耐受性较佳。,临床药物治疗学\content\chap16.tex,免疫性疾病的药物治疗,系统性红斑狼疮,治疗,风湿免疫科,免疫性疾病,药物治疗,临床表现,3,,"每日,激素,诱导,氯喹,SLE",781,390
主要用于关节炎、肌炎、浆膜炎和皮肤损害为主的SLE。如大剂量激素联合环磷酰胺或AZA使用4～12周，病情仍不改善，应加用CSA，每日5mg/kg，分2次服用，服用3个月，以后每月减1mg/kg，至每日3mg/kg作维持治疗。其主要不良反应为肝肾功能损害，使用期间应予以监测。在需用CTX的病例，由于血白细胞计数减少而暂不能使用者，亦可用本药暂时替代。SLE达到诱导缓解后，应继续巩固治疗。目的在于用最少的药物防止疾病复发，尽可能使患者维持在“无病状态”。口服泼尼松7.5～20mg和每日口服硫唑嘌呤50～100mg维持，部分患者需终身服用激素治疗。必须强调对患者的长期随访。急性暴发性危重SLE 在SLE有重要脏器累及，乃至出现狼疮危象的情况下，如急性爆发性狼疮、重症狼疮性肾炎、中枢神经狼疮和急性自身免疫性贫血、血小板减少性紫癜等需应用以下冲击疗法。（1）甲基泼尼松龙（Methylprednisolone，MP）冲击疗法：即甲基泼尼松龙用至500～1000mg，每日1次，加入5％葡萄糖200mL，静脉滴注1h左右，连续3d为1个疗程，疗程间隔期5～30d，间隔期和冲击后需每日口服泼尼松0.5～1mg/kg，疗程和间隔期长短视具体病情而定。MP冲击疗法只能解决急性期的症状，随后的治疗必须有一定量的激素与环磷酰胺冲击疗法配合使用，否则病情容易反复。需强调的是，在大剂量冲击治疗前或治疗中应密切观察有无感染发生。如有感染应及时给予相应的抗感染治疗。对活动程度严重的SLE，加用细胞毒药物有利于更好地控制SLE活动，减少SLE暴发，同时减少激素的需用量。（2）目前推荐采用美国国立卫生院的CTX冲击疗法：即0.5～1.0g/m 体表面积，静脉注射，每月1次，连续3～6个月后每3个月1次，共2年。多数患者6～12月可缓解病情而进入巩固治疗阶段。,临床药物治疗学\content\chap16.tex,免疫性疾病的药物治疗,系统性红斑狼疮,治疗,风湿免疫科,免疫性疾病,药物治疗,治疗,3,,"SLE,冲击疗法,kg,泼尼松,治疗",773,386
由于对环磷酰胺的敏感性存在个体差异，年龄、病情、病程和体质等使其对药物的耐受性有所区别，所以治疗时应根据患者的具体情况，掌握好剂量、冲击间隔期和疗程。除白细胞计数减少和诱发感染外，环磷酰胺冲击治疗的不良反应包括性腺抑制、胃肠道反应、脱发和肝功能损害等。狼疮性脑病、肾炎或严重血小板计数减少可静脉注射大剂量丙种球蛋白，本疗法是一种强有力的辅助治疗措施，对危重的难治性SLE也颇有效。常用剂量200～400mg/kg静脉注射，每日1次，连续3～5d，必要时每3～4周重复1次。对狼疮脑病癫痫 发作者、急性肾衰竭者、狼疮心肌损害严重者，除使用甲泼尼龙冲击疗法和CTX冲击疗法外，还需进行对症治疗。狼疮癫痫 发作者，宜地西泮肌注或用卡马西平等抗癫痫 药。急性肾衰竭者，宜在血液透析或腹膜透析基础上加强免疫干预治疗。心力衰竭者，宜减轻心脏前后负荷和适当使用洋地黄制剂。常用治疗方案的选用 SLE病程迁延、病变活动与缓解可反复出现，治疗后只能得到不同程度的缓解，而治疗药物常带来严重不良反应。因此，在制定治疗方案时应认真考虑如何达到最大治疗效果与最小药物不良反应之间的平衡。要考虑个体化原则，又要掌握治疗的风险与效应之比，制定具体的治疗方案（见表）。其他治疗 所有SLE患者均应进行包括心理及精神支持、避免日晒或紫外线照射、预防和治疗感染或其他并发症及依据病情选用适当的锻炼方式。对于常规治疗不能控制或重症患者，可选用大剂量免疫球蛋白冲击，血浆置换等方法进行治疗。,临床药物治疗学\content\chap16.tex,免疫性疾病的药物治疗,系统性红斑狼疮,治疗,风湿免疫科,免疫性疾病,药物治疗,治疗,3,,"治疗,狼疮,SLE,剂量,不良反应",626,313
系统性红斑狼疮（systemic lupus erythematosus，SLE）是一种累及全身多系统多器官的自身免疫性疾病，其临床表现多种多样，血清内可出现多种自身抗体，为自身免疫病的原型。本病病程以病情缓解和急性发作交替为特点，有内脏（肾、中枢神经）损害者预后较差。女性多见，尤其是20～40岁的育龄女性。病程急性发作中可出现危及生命的急危重症，称为狼疮危象（lupus crisis）。因涉及各个学科及专业，极易导致漏诊和误诊，应予以重视。病因与发病机制 病因 病因尚未完全阐明，可能是遗传、环境、免疫及内分泌等多方面、复杂因素共同作用的结果，其主要特征是机体出现各种免疫反应异常。遗传 该病有较强的家族聚集性，患者一级亲属的患病率明显高于其他人。同时，家系调查还发现，SLE可以与其他自身免疫性疾病如自身免疫性溶血性贫血、甲状腺炎等同时存在。单卵双生疾病发生的一致率大约25%～50%，而双卵双生发病一致率为5%左右。据计算至少4段染色体基因与SLE的发病密切相关，每一基因各自影响到SLE发病的中间环节，如免疫调节、蛋白降解、肽跨膜转运、免疫反应，补体激活等等。研究发现SLE患者与HLA-DR2、DR3，补体C\textsubscript 、C\textsubscript 、C\textsubscript ，以及部分非HLA基因编码的MBP、TNFα、IL-6、TCR、FcγR等相关。这些均表明遗传因素在易患人群中具有极其重要的作用，然而，很多SLE病例为散发，没有明确的遗传倾向，由此提示可能还有多种环境因素或者其他未知因素也参与了疾病的发生发展过程。此外，狼疮鼠遗传学的深入研究也揭示出不同基因参与表达或抑制了SLE的性状，说明在遗传背景中存在有SLE易感基因。环境因素 感染、药物、紫外线、毒物、饮食等因素与系统性红斑狼疮的发病有一定的关联。,急诊内科学\content\part14.tex,系统性红斑狼疮,,,风湿免疫科,免疫性疾病,急诊处理,概述,1,,"SLE,基因,遗传,发病,textsubscript",782,391
病毒感染曾被认为是引起SLE的重要因素，可能是B细胞活化产生自身抗体（如抗核抗体），免疫失调而引发自身免疫病。药物诱发的SLE样疾病已是众所周知的，其中以肼屈嗪、普鲁卡因胺所致的药物性狼疮最多，其他如异烟肼、磺胺衍生物、β受体阻滞剂等也有报道，但药物性狼疮不同于特发性SLE，一般认为无抗ds-DNA抗体阳性，临床上以关节炎和浆膜炎表现多见，很少有肾炎，且预后较好。紫外线是唯一明确的能加重SLE的因素，尤其是UVB波谱，其原因与DNA在UV作用下发生免疫修饰使免疫原性增强，从而刺激自身抗体应答，激活并加重SLE。除上所述，其他如使用染发剂、接触化学污染、食用苜蓿等因素是否为引起SLE的致病因素，还有待进一步证实。免疫因素 SLE患者最主要的免疫功能紊乱是产生自身抗体，这些自身抗体与抗原结合后形成免疫复合物沉积于特定的部位，引起相应组织器官的损害。如抗核抗体可以出现在95% SLE患者体内。抗ds-DNA和抗Sm抗体被认为是SLE的特异性抗体，而且，研究发现抗DNA抗体与狼疮肾炎形成密切相关。自身抗体的产生说明B细胞处于高度活跃的状态，同时，SLE患者的T细胞也出现异常，有研究发现SLE患者血中活化T细胞分泌IL-2受体增加，而具有辅助抗体产生作用的CD4+ 和CD8+ T细胞数量也很高。由单核/巨噬细胞或多种细胞产生的诸多细胞因子在SLE中也起作用，如TNFα、IFN-γ、IL-2、IL-6、IL-10、GM-CSF等等，形成细胞因子网络，影响T、B细胞作用，参与SLE的发病过程。内分泌因素 SLE常见于育龄期女性，文献报道也常见于Klinefelter综合征的男性患者。在雌性新西兰小鼠中容易诱导出狼疮样病变的动物模型，发病早、病情重，卵巢切除术或用雄性激素治疗可使病情减轻。,急诊内科学\content\part14.tex,系统性红斑狼疮,,,风湿免疫科,免疫性疾病,急诊处理,概述,1,,"SLE,抗体,狼疮,DNA,IL",749,374
SLE患者中，病情活动者妊娠时多有病情加重，这与雌激素水平升高有关，而女性患者应用避孕药物也有病情加重的现象。SLE患者的雌激素代谢异常。有报道称雌二醇代谢后的某些成分可增加雌激素的效应，女性患者往往这一代谢过程出现延长。血浆睾酮水平在男女患者中都有降低的趋势。由此说明，雌激素与雄激素相互协调在SLE的发病过程中发挥作用。发病机制 SLE多种病变与抗体介导的免疫反应有关。该病异常免疫反应的重要特征就是机体自发产生高亲和力、变异IgG自身抗体，它和广泛存在于细胞内外、细胞表面的自身抗原结合形成免疫复合物，引起组织损伤。一方面各种诱因引起免疫耐受功能丧失，自身抗原形成增加，超过了T细胞控制调节，抑制辅助性T（Th1）向抑制性T（Th2）的转化，不能抑制B细胞增殖，导致B细胞过度活跃产生大量致病性自身抗体。也有人认为可能是单核细胞或巨噬细胞产生某些细胞因子（如TNFα、IL-6、IL-10等），引起Th1功能增强，或直接作用于B细胞，导致自身免疫。另一方面免疫稳定功能紊乱使免疫系统调节缺陷，不能清除凋亡细胞和免疫复合物，导致致病性抗体及免疫复合物大量堆积，促进了SLE的发展。以狼疮肾炎为例，由血液循环转运而来的免疫复合物和（或）原位生成的免疫复合物沉积于肾小球基底膜，补体系统激活，产生趋化因子，引起炎症细胞的流入，导致肾脏组织学上的改变，加之免疫复合物在不同部位形成，最终产生了不同的病理学类型的狼疮肾炎。诊断 临床表现特点 多缓慢起病，初仅累及1～2个系统，逐渐出现多系统损害，亦有起病即为重症患者。临床表现多样，呈复发缓解交替。全身表现 全身表现为发热、疲乏和消瘦。疲乏几乎出现于每一SLE患者，与发病及病情活动平行。发热无固定热型，往往对足量糖皮质激素治疗反应良好。SLE发热须注意与感染相鉴别，尤其是使用糖皮质激素及免疫抑制剂的患者。,急诊内科学\content\part14.tex,系统性红斑狼疮,,,风湿免疫科,免疫性疾病,急诊处理,概述,1,,"免疫,SLE,复合物,细胞,患者",777,388
皮肤表现 蝶形红斑为本病最常见皮肤表现，为分布于面颊部、高出皮面、伴瘙痒或疼痛的红斑。其他急性病变包括全身广泛性红斑，大疱样损害。亚急性皮肤型狼疮表现为非固定性皮肤损害，常反复发作，愈后不留瘢痕。皮疹常出现于阳光容易照射到的部位，可类似银屑病或扁平苔藓的丘疹鳞屑改变，也可表现为环形红斑样病变。血清中常抭SS-A抗体阳性。多数患者有光敏感，日光照射后皮肤及全身病变加重。盘状红斑可没有全身性表现，也可是SLE的一个表现，瘢痕化、中央萎缩常见。脱发可为弥漫性或片状，因SLE活动引起者常可随疾病控制而长出新发，盘状红斑瘢痕化导致的脱发多为永久性。黏膜损害多表现为囗腔溃疡、阴道溃疡及鼻中隔侵蚀。血管炎可表现为紫癜、甲周或指端片状出血、溃疡和坏疽等。肾脏表现 几乎所有的SLE患者均有肾脏累及。临床上表现为多种肾实质、肾间质及血管病变。水肿是最常见的症状，尿液检查可出现蛋白尿、管型尿、血尿或白细胞尿，大量蛋白尿可表现为肾病综合征，患者也可出现急骤进展肾小球肾炎，急性肾衰竭、高钾血症等疾病状态，高血压、血肌酐增高往往提示预后不佳。消化系统表现 厌食、恶心、呕吐、吞咽困难等是SLE的常见消化系统症状。口腔溃疡常见，食管炎、食管溃疡见于3%～5% SLE患者。接受非甾体类抗炎药和（或）糖皮质激素治疗患者消化性溃疡发生风险增加。SLE患者可出现急腹症，活动期SLE急腹症多由缺血性肠病、肠穿孔、肝血管瘤破裂、胆囊炎、胰腺炎等病变所致，死亡率高。非活动期患者急腹症发生原因与无SLE患者类似。肠系膜血管炎为SLE最严重的并发症之一，可进展为缺血性肠病，最终可导致出血性肠梗死、肠穿孔及腹膜炎，临床表现多变，容易误诊、漏诊，须引起特别重视。呼吸系统表现 约35%的患者有胸腔积液，多为中小量、双侧性。除因浆膜炎所致外，部分是因低蛋白血症引起的漏出液。,急诊内科学\content\part14.tex,系统性红斑狼疮,,,风湿免疫科,免疫性疾病,急诊处理,临床表现,1,,"SLE,表现,患者,红斑,病变",771,385
狼疮肺炎表现为发热、干咳、气促，肺X线可见片状浸润阴影，多见于双下肺，有时与肺部继发感染很难鉴别。SLE所引起的肺间质性病变主要是急性和亚急性期的磨玻璃样改变和慢性期的纤维化，表现为活动后气促、干咳、低氧血症。约2%患者合并弥漫性肺泡出血（DAH），主要表现为咳嗽、咯血、低氧血症、呼吸困难，胸片显示弥漫肺浸润，血红蛋白下降及血细胞比容减低常是较特征性表现。在肺泡灌洗液或肺活检标本的肺泡腔中发现大量充满含铁血黄素的巨噬细胞，或者肺泡灌洗液呈血性，而无脓液或其他病原学证据，对于DAH的诊断具有重要意义。10%～20%患者存在肺动脉高压，其发病机制包括肺血管炎、雷诺现象、肺血栓栓塞和广泛肺间质病变。肌肉表现 关节痛、关节炎常见。关节症状可以出现于各个关节，以手指小关节、腕关节、膝关节最为多见，症状呈慢性、持续性，关节肿多不明显，部分SLE患者还可以出现类似于类风湿结节样的皮下结节。临床可见尺侧偏斜、半脱位、挛缩等关节畸形，尤其是手指小关节的更为常见，但往往为非侵蚀性关节炎，称为Jaccoud关节炎，与RA的关节改变不同。SLE患者中肌痛、肌无力表现也不少见，并可出现肌酶异常，肌肉炎症病变在组织学上不同于多发性肌炎/皮肌炎（PM/DM）的肌炎改变。随着糖皮质激素或抗疟药的应用，部分患者可能出现药物相关的继发性炎症肌病。另外，纤维肌痛症也是SLE患者肌痛的一个原因。心脏表现 SLE累及心血管系统可表现为心包炎、心包积液、心肌炎、冠状动脉病变，疣状心内膜炎、恶性高血压等。以心包炎最为常见，大量心包积液可引起心包填塞，缩窄性心包炎及化脓性心包炎罕见。心脏多普勒超声检查诊断心包积液具有较高敏感性。血液系统表现 活动性SLE中红细胞、白细胞和血小板减少常见，其中10%属于Coomb's试验阳性的溶血性贫血。约20%患者有无痛性轻或中度淋巴结肿大，以颈部和腋下为多见。约15%患者有脾大。,急诊内科学\content\part14.tex,系统性红斑狼疮,,,风湿免疫科,免疫性疾病,急诊处理,概述,1,,"SLE,关节,患者,心包炎,肺泡",797,398
神经系统表现 SLE可累及中枢及外周神经系统，表现为神经及精神症状，统称为神经精神狼疮（neuropsychiatric SLE，NP-SLE）。50%～60% NP-SLE发生在SLE发病之初或1年内，40%～50%发生在SLE病情活动时，累计发病率为30%～40%，是SLE发病和死亡的重要原因。其临床表现复杂多样，轻者仅有偏头痛、性格改变、记忆力减退或轻度认知障碍。重者可表现为急性脑卒中、昏迷、癫痫持续状态等。少数患者出现脊髓损伤，表现为截瘫、大小便失禁等。有NP-SLE表现的均为病情活动者。引起NP-SLE的病理基础为脑局部血管炎的微血栓，来自心瓣膜赘生物脱落的小栓子，或有针对神经细胞的自身抗体，或并存抗磷脂抗体综合征。NP-SLE危险因素包括：①SLE总体病情活动，尤其与痫性发作及严重认知功能障碍有关。②既往NP-SLE事件。③持续性中高滴度抗心磷脂抗体或糖蛋白抗体IgG/IgM或狼疮抗凝物，尤其与脑血管病、痫性发作、中重度认知障碍、脊髓病变及运动障碍有关。眼睛 表现为结膜炎、葡萄膜炎、眼底改变、视神经病变等。眼底改变如出血、视乳头水肿、视网膜渗出等。抗磷脂抗体综合征（antiphospholipid antibody syndrome，APS） 可出现在SLE活动期，其临床表现为动脉和（或）静脉血栓形成，习惯性自发性流产，血小板减少，患者血清抗磷脂抗体阳性。干燥综合征 约30%的SLE有继发性干燥综合征并存，有唾液腺和泪腺功能不全。辅助检查 一般检查 血、尿常规的异常代表血液系统和肾受损。活动期患者ESR常显著升高（＞ 50mm/h），而CRP正常或只有轻度升高。自身抗体 常见而且有用的自身抗体依次为抗核抗体谱、抗磷脂抗体和抗组织细胞抗体。①抗核抗体谱：出现在SLE的有抗核抗体（ANA）、抗双链DNA（ds-DNA）抗体、抗ENA（可提取核抗原）抗体。,急诊内科学\content\part14.tex,系统性红斑狼疮,,,风湿免疫科,免疫性疾病,急诊处理,概述,1,,"SLE,抗体,NP,磷脂,抗核",794,397
抗ENA抗体谱包括抗Sm抗体、抗RNP抗体、抗SSA（Ro）抗体、抗SSB（La）抗体和抗rRNP抗体等。②抗磷脂抗体：包括抗心磷脂抗体、狼疮抗凝物、梅毒血清试验假阳性等对自身不同磷脂成分的自身抗体。③抗组织细胞抗体：抗红细胞膜抗体、抗血小板抗体和抗神经元抗体等。狼疮带试验 阳性代表SLE活动性。肾活检病理 适用于狼疮肾炎。影像学检查 包括X线胸片、头颅CT、MRI、超声心动图等，有助于早期发现器官损害。依病情选择。诊断注意事项 text00347.htmlux5cux23CHP14-1-2-3-1{} （一） 诊断线索 SLE的诊断率与医师对该病的认知程度和警惕性有关。抗核抗体应作为关节炎、肾炎、长期发热、顽固性皮肤过敏、雷诺现象、胸膜炎、各种血细胞减少、脱发、口腔溃疡等症状的常规筛选试验，在诊断慢性肾炎之前应排除狼疮肾炎。对于有两个系统以上症状者，如关节痛+口腔溃疡，关节痛+蛋白尿，关节痛+脱发，关节痛+胸膜炎、皮疹+蛋白尿，胸膜炎+蛋白尿等，应警惕SLE。临床上若遇见单科疾病难以解释整个病情全貌、或疑似本科疾病但又不符合常规时也应注意有无SLE可能。text00347.htmlux5cux23CHP14-1-2-3-2{} （二） 诊断标准 应当把握两个主线，即多系统多器官损害及自身免疫学异常。可以参考2009年SLICC修订的美国ACR SLE分类标准，其分为临床标准和免疫学标准，具体如下： 临床标准 ①急性或亚急性皮肤狼疮。②慢性皮肤型狼疮。③口腔或鼻腔溃疡。④非瘢痕性脱发。⑤炎性滑膜炎（内科医师观察到至少2个关节肿胀或伴有晨僵的关节压痛）。⑥浆膜炎。⑦肾脏损害：24小时尿蛋白定量（或尿蛋白/肌酐比值提示）＞ 0.5g，或尿中出现红细胞管型。⑧神经系统损害：癫痫，精神症状，多发性单神经炎，脊髓炎，外周或脑神经病变，脑炎（急性认知功能障碍）。⑨溶血性贫血。,急诊内科学\content\part14.tex,系统性红斑狼疮,,,风湿免疫科,免疫性疾病,急诊处理,概述,1,,"抗体,狼疮,SLE,关节痛,胸膜炎",795,397
⑩白细胞减少（至少一次＜ 4.0 × 10\textsuperscript /L）或淋巴细胞减少（至少一次＜ 1.0 × 10\textsuperscript /L）。或血小板减少（至少一次＜ 100.0 × 10\textsuperscript /L）。免疫学标准 ①ANA滴度超过实验室参考范围。②抗ds-DNA抗体超过实验室参考范围（ELISA法要求超过实验室参考范围上限2倍）。③抗Sm抗体阳性。④抗磷脂抗体、狼疮抗凝物、梅毒血清学假阳性、抗心磷脂抗体至少2倍于正常值或中高滴度、抗2-GP1抗体阳性。⑤低补体，包括低C3，低C4，低CH50。⑥无溶血性贫血者出现直接Coombs试验阳性。确诊条件：①病理证实狼疮肾炎+ ANA或抗ds-DNA抗体阳性。②符合4条标准，至少包括1条临床标准和1条免疫学标准。该标准产生于716例SLE患者和非SLE患者，对于该群体其敏感性达到94%，特异性达到92%。美国风湿病学会1997年推荐的SLE分类标准（表）。该分类标准的11项中，符合4项或4项以上者，在除外感染、肿瘤和其他结缔组织病后，可诊断SLE。text00347.htmlux5cux23CHP14-1-2-3-3{} （三） 其他应注意的问题 1.有神经精神表现的 SLE患者 首先要明确该症状是SLE本身表现抑或并发症、治疗药物甚至并发神经精神疾病所致。进行脑脊液检查的主要目的是排除中枢神经系统感染，抗磷脂抗体与神经精神症状关系密切。CT对急性颅内出血临床诊断价值高，而在显示其他NPSLE病变如脑水肿等方面，MRI较CT有更高的敏感性，MRI之T2加权图像能显示NPSLE患者脑水肿发生的病理过程，比T1加权图像更加敏感。PET或SPECT检查可提供NPSLE患者脑血流、代谢功能有价值的信息。,急诊内科学\content\part14.tex,系统性红斑狼疮,,,风湿免疫科,免疫性疾病,急诊处理,概述,1,,"SLE,抗体,阳性,标准,10",757,378
2.肾活检 对狼疮肾炎的诊断、病理分期具重要意义，所提供信息非血清学检查及尿液分析所能替代，对患者的治疗，尤其是高危肾脏累及患者的治疗方案选择具指导意义，故对新发狼疮肾炎病例，主张常规进行肾穿刺活检。对治疗效果不佳及复发的患者，重复肾活检有助于了解患者病情恶化的原因，判断预后。对肾体积缩小、已经进展至终末期肾衰竭的SLE患者肾活检临床价值不大。3.SLE患者胸膜炎、胸腔积液并非一定要进行胸腔穿刺术，考虑存在感染或其他原因时为穿刺指征。出现咳嗽、胸闷、呼吸困难等表现，要及时进行血常规、ESR、CRP、痰液病原学培养以及胸部X线平片、CT检查，必要时要进行支气管镜检查及动脉血气分析。狼疮性肺炎、肺出血、肺纤维化、卡氏肺囊虫感染等均表现为肺间质病变，影像学有诸多相似之处，一定要结合患者各项临床表现特点，综合分析，细心做出鉴别诊断。4.每例急腹症患者都应尽快完善包括抗心磷脂抗体在内的血液学及生化检查 ，症状隐袭出现者应尽早完善腹部超声、CT或磁共振等无创性检查。超声检查可发现增厚的肠壁，CT或磁共振可识别腹腔内脓肿、肿大的淋巴结、浆膜炎、增厚的肠壁、肠袢水肿及扩张、胰腺假囊肿以及肿大的肝、脾。腹部X线检查、腹腔穿刺术对诊断也能提供一定帮助。5.SLE患者出现心悸、气促、水肿等表现要警惕心脏病变，应随时注意电解质、心肌酶学及心电图异常。并非每例心包积液均须心包穿刺，大量积液引起心包填塞、疑化脓性心包炎及其他不明原因心包积液者为穿刺指征。超声检查可显示SLE患者心包积液量及心包结构，SLE合并心肌炎时超声检查可显示心室扩大、射血分数下降、室壁活动异常等。食管超声检查检测心脏瓣膜病变具较高敏感性，同位素心肌灌注显像和冠状动脉造影有助于了解SLE冠状动脉粥样硬化及血管炎的严重程度。治疗 SLE治疗原则是活动且病情重者，予以强有力的药物控制，病情缓解后，则接受维持性治疗。,急诊内科学\content\part14.tex,系统性红斑狼疮,,,风湿免疫科,免疫性疾病,急诊处理,概述,1,,"SLE,患者,检查,心包,积液",790,395
一般治疗 包括：①患者教育是本病治疗的一个重要方面。②病情活动时注意休息，稳定后定期复查。妊娠、产褥期及手术患者应密切随访，以防复发或加重。③及早发现和治疗感染。④避免使用可能诱发SLE的药物，如避孕药等。⑤避免强阳光曝晒和紫外线照射。⑥女性SLE患者妊娠问题：无中枢神经系统、肾脏或其他脏器严重损害，病情处于缓解期达半年以上者，一般能安全地妊娠，并分娩出正常婴儿。非缓解期的SLE患者容易出现流产、早产和死胎，故应避孕。有习惯性流产病史或抗磷脂抗体阳性者，妊娠时应服低剂量阿司匹林（50mg/d）。糖皮质激素 为治疗SLE主要的药物。对不甚严重病例，可先试用泼尼松0.5～1.0mg/（kg•d），晨起顿服，病情稳定后2周或疗程8周内，开始以每1～2周减10%的速度缓慢减量，减至小于0.5mg/（kg•d）后，减量速度依病情适当调慢。维持量以小于10mg/d为宜。对有狼疮危象表现者须先用甲泼尼龙冲击疗法（0.5～1.0g/d静脉注射，连续3天），之后以口服大剂量泼尼松（＞ 30mg/d）维持，待病情控制以后逐渐减量。免疫抑制剂 活动程度较严重的SLE，应同时给予大剂量激素和免疫抑制剂。加用免疫抑制剂有利于更好地控制SLE活动，减少SLE暴发，以及减少激素的需要量。狼疮肾炎用激素联合CTX治疗，会显著降低肾衰竭的发生。常用有环磷酰胺、硫唑嘌呤、环孢素、吗替麦考酚酯等。具体使用应因病情而异。环磷酰胺（CTX） CTX冲击疗法，每次剂量0.5～1.0g/m\textsuperscript 体表面积，加入生理盐水250ml中静滴，时间要＞ 1小时。除危重患者每2周冲击1次外，通常每4周冲击1次。冲击8次后，如病情明显好转，则改为每3月冲击1次，至活动静止后至少1年，可停止冲击。冲击疗法比口服疗效好。CTX口服剂量为1～2mg/（kg•d），分2次服。,急诊内科学\content\part14.tex,系统性红斑狼疮,,,风湿免疫科,免疫性疾病,急诊处理,治疗,1,,"SLE,病情,0.5,CT,冲击疗法",781,390
硫唑嘌呤 适用于中等度严重病例，脏器功能恶化缓慢者。常用量1～2mg/（kg•d）。常见副作用有胃肠道不适、肝损害和骨髓抑制。环孢素 每日5mg/kg，分2次口服，3个月。以后每月减少1mg/kg，至3mg/kg作维持治疗。主要副作用为肾、肝毒性，用药期间应予监测。吗替麦考酚酯（MMF） 其活性代谢物为霉酚酸酯。常用量1～2g/（kg•d），分2次口服。抗疟药 对皮疹、关节痛及轻型患者有效。羟氯喹200～400mg/d，分2次口服。氯喹250mg/d，1次口服。注意用药前和用药后每3～6个月进行眼科检查。静脉注射大剂量免疫球蛋白（IVIg） 适用于某些病情严重或（和）并发全身性严重感染者，对重症血小板减少性紫癜有效。一般每日0.4g/kg静脉滴注，连续3～5天为1疗程。控制并发症与对症处理 依病情选择治疗方案： 轻型 以皮损和（或）关节痛为主，则可选用抗疟药，辅以非甾体类抗炎药。治疗无效应早用激素，泼尼松0.5mg/（kg•d）。一般型 有发热、皮损、关节痛及浆膜炎，并有轻度蛋白尿，宜用泼尼松，剂量0.5～1mg/（kg•d）。狼疮肾炎（lupus nephritis，LN） 依临床症状和病理分型选择治疗方案：①轻度肾脏损害：尿蛋白轻微（＜ 1g/d），血压、肾功能正常，病理表现为Ⅰ型或Ⅱ型者仅给予对症治疗。②局灶增生性LN：无临床和严重组织学病变活动者，可继续给予对症治疗或小剂量激素和（或）CTX。如有弥漫性节段性肾损害、大量蛋白尿、明显血尿和血肌酐升高者，治疗同弥漫增殖性LN。③膜性LN：表现为无症状蛋白尿和肾功能稳定者可给予对症治疗。肾病综合征者则需用大剂量泼尼松1mg/（kg•d）联合细胞毒药物治疗。,急诊内科学\content\part14.tex,系统性红斑狼疮,,,风湿免疫科,免疫性疾病,急诊处理,诊断,1,,"kg,治疗,LN,1mg,泼尼松",716,358
④弥漫增殖性和严重局灶增殖性LN：活动性Ⅳ型LN伴近期内肾功能显著恶化者，可用甲泼尼龙15mg/（kg•d）冲击治疗，3天为1疗程，必要时2周后可重复1次，一般不超过3疗程。冲击后常规激素治疗，泼尼松1mg/（kg•d）× 8周，此后逐渐减量，直至5～10mg/d维持。常联合应用CTX。对大剂量激素及CTX无效或不能耐受者，可用环孢素或吗替麦考酚酯，常与中小剂量泼尼松合用。\paragraph 甲泼尼龙冲击疗法和泼尼松每日1mg/kg，同时CTX冲击治疗，也可选用鞘内注射地塞米松10mg及甲氨蝶呤10mg，每周1次。有抽搐者同时给抗癫痫药、降颅内压等对症治疗。溶血性贫血或（和）血小板减少 予以甲泼尼龙冲击和泼尼松1mg（/kg•d），根据病情加用IVIg。抗磷脂抗体综合征 予以抗血小板药及华法林口服。缓解期 应使用不良反应最少的药物和用最小有效剂量，以达到抑制疾病复发的目的，如可每日晨服泼尼松5～10mg。血浆置换 是短期的辅助治疗，可以迅速清除体内可溶性免疫复合物、抗基底膜抗体和其他免疫活性物质，为重症患者的治疗争取时间，不宜长期应用。临床用于治疗血栓性血小板减少性紫癜、肺出血及常规治疗不能控制的重症患者。人造血干细胞移植 对于反复发作、难治性SLE可以采用异体自体干细胞移植治疗，其原理是利用大剂量免疫抑制剂摧毁自身免疫系统，并进行免疫重建，远期确切疗效还有待进一步研究。生物制剂 目前用于临床试验治疗SLE的生物制剂主要有抗CD20单抗（利妥昔单抗，rituximab）和CTLA-4。其他几种特殊表现及处理 text00347.htmlux5cux23CHP14-1-3-9-1{} （一） 呼吸系统 急性狼疮肺炎 发生率不高，但临床表现较重，发展快，死亡率高，见于病情活动期。表现为发热、咳嗽、少痰或无痰、呼吸困难、低氧血症。可有气促、咯血或胸痛。,急诊内科学\content\part14.tex,系统性红斑狼疮,,,风湿免疫科,免疫性疾病,急诊处理,治疗,1,,"泼尼松,治疗,kg,10mg,CT",787,393
体检可发现双肺底细湿啰音，严重者可有中枢性发绀。影像学检查可见单侧或双侧较弥漫肺部浸润影，肺底为著。血WBC多正常，抗感染无效。需注意与急性肺部感染鉴别。后者常发生在应用激素及免疫抑制剂治疗过程中，患者常高热、进行性呼吸困难、短期内发展为“白肺”，起病前多有前驱受凉感冒病史。处理：①呼吸支持治疗：多数患者需要氧疗，严重低氧血症需机械通气。②糖皮质激素：常需大剂量糖皮质激素，必要时可甲泼尼龙冲击治疗。③免疫抑制剂：对糖皮质激素反应差者可应用免疫抑制剂如硫唑嘌呤、环磷酰胺。急性肺泡出血 少见，但死亡率极高，多同时存在其他系统损害、高滴度ds-DNA抗体及低补体血症。临床表现与急性狼疮肺炎类似，常突然出现发热、呼吸困难、咳嗽、痰中带血，少数情况下出现咯血。可数小时到数天内出现气促、低氧血症、心动过速、急性呼吸窘迫。突然血红蛋白及血细胞比容下降常有提示作用。影像学多为双肺弥漫性浸润渗出影。由于咯血并非每个患者均出现，故肺出血常被贻误。若患者出现血细胞比容及血红蛋白迅速下降、弥漫性肺部浸润，应当警惕肺出血。支气管肺泡灌洗液多为血性。需注意与急性左心衰竭、肺部感染、非心源性肺水肿相互鉴别。处理：首选大剂量糖皮质激素，必要时可甲泼尼龙冲击治疗。免疫抑制剂可根据情况选用。上述治疗无效者可行血浆置换。其他措施包括氧疗、机械通气等对症支持治疗。肺萎陷综合征（shrinking lung syndrome） 为SLE罕见并发症，表现为不明原因呼吸困难，常无全身性炎症表现。胸部X线显示肺容积减少、患侧膈肌抬高、活动度差、基底肺不张，但无膈肌矛盾运动，常无肺间质及肺血管病变。肺功能检查提示限制性通气障碍。发病机制可能与膈肌无力、胸膜炎症有关。一般认为本病进展缓慢，预后良好，但亦有导致呼吸衰竭需要机械通气的报道。处理：首选糖皮质激素，常用泼尼松30～60mg/d。可合用β-肾上腺素受体激动剂及茶碱。,急诊内科学\content\part14.tex,系统性红斑狼疮,,,风湿免疫科,免疫性疾病,急诊处理,临床表现,1,,"皮质激素,抑制剂,急性,肺部,通气",799,399
难治性病例可选用免疫抑制剂如甲氨蝶呤、环磷酰胺等。text00347.htmlux5cux23CHP14-1-3-9-2{} （二） 恶性抗磷脂综合征 恶性抗磷脂综合征（catastrophic anti-phospholipid syndrome，CAPS）指抗磷脂综合征短期内出现多器官衰竭的疾病形式。临床特点包括：短期内出现多器官损害。多部位小血管阻塞证据。高滴度抗磷脂抗体。60%病例发病前有前驱事件（主要是感染，其他包括：创伤、停用抗凝药物、妊娠、合并肿瘤等）。CAPS临床表现取决于2个因素：血栓事件所及器官和血栓程度。全身炎症反应（SIRS）的临床表现。CAPS与经典APS相比具有以下特点：①可有不寻常的器官累及，如卵巢、子宫、睾丸梗死。②肺部并发症发生率高，如ARDS及弥漫性肺泡出血。③腹痛常见，与腹腔内血栓导致肠、胆囊、胰腺、肾上腺、脾脏血管栓塞有关。④可因SIRS导致意识丧失。⑤1/5患者可出现DIC。⑥严重的血小板减少可致出血（尤其颅内出血）。⑦妊娠者HELLP综合征发生率高。⑧预后差。腹腔内血栓事件最常见，肾脏、肾上腺、脾脏、肠道、肠系膜及胰腺血管最常受侵，患者常主诉腹痛或腹部不适。肺部并发症其次，与ARDS或肺栓塞有关，尚可出现肺出血、微血栓、肺水肿等，常主诉呼吸困难。皮肤表现有网状青斑、紫癜、皮肤坏死。中枢表现常见为：梗死、脑病、癫痫、中枢静脉梗阻。心脏事件发生率为53%，瓣膜病最为常见（主要是二尖瓣及主动脉瓣）。少数亦可出现心肌梗死。其他器官受累包括：睾丸/卵巢梗死、前列腺坏死、无结石性胆囊炎、骨髓梗死、食管破裂、巨大消化道溃疡、结肠溃疡、血栓性胰腺炎、肾上腺梗死等。实验室检查：60%有血小板减少，1/3可有溶血，但碎裂红细胞较少，1/5有DIC。IgG型抗磷脂抗体常见，IgM型抗磷脂抗体则相对较少。,急诊内科学\content\part14.tex,系统性红斑狼疮,,,风湿免疫科,免疫性疾病,急诊处理,临床表现,1,,"磷脂,梗死,血栓,CAPS,器官",775,387
CAPS诊断标准：①3个或以上的器官、系统血栓事件。②临床表现常于1周内相继出现。③组织病理学表明至少1个器官或组织存在小血管阻塞。④抗磷脂抗体阳性。符合以上4条为肯定CAPS。很可能CAPS为：①符合4条，但仅2个器官或系统受累。②符合4条但由于严重血栓事件患者死亡且6周之前未曾查过抗磷脂抗体。③符合①②④条。④符合①③④条。处理：①一线治疗：抗凝治疗，首选静脉应用肝素（1500U/h）连用7～10天，之后改为口服抗凝剂，使INR维持在2～3。糖皮质激素用于控制SLE病情活动，多用泼尼松1～2mg（/kg•d），尤其适用于合并ARDS及急性肺泡出血患者。②二线治疗：静脉应用丙种球蛋白，用量为0.4g（/kg•d），连用4～5天。对严重血小板减少患者尤为有效。与血浆置换联用可提高疗效。③三线治疗：可选择免疫抑制剂如环磷酰胺，理论上能够预防血浆置换后抗磷脂抗体反跳。治疗反应不佳的严重血小板减少可试用利妥昔单抗。text00347.htmlux5cux23CHP14-1-3-9-3{} （三） 巨噬细胞活化综合征 巨噬细胞活化综合征（macrophage activation syndrome，MAS）是与自身免疫疾病相关的嗜血细胞综合征的特殊类型。常突然急性起病，进展迅速，若不能及时诊治，死亡率极高。临床表现为高热、肝脾淋巴结肿大、外周血细胞减少、肝功能异常、凝血障碍、高甘油三酯血症、高铁蛋白血症。此外，血液及脑脊液中NK细胞活性下降和可溶性CD25（sCD25，是IL-2可溶性受体）水平升高。组织病理学可见大量淋巴细胞、成熟巨噬细胞和组织细胞浸润脾脏、淋巴结、骨髓、肝脏及脑脊液。有时早期患者骨髓检查可能正常，故反复骨髓检查有利于诊断。SLE发生MAS常与高度活动的病情或继发感染有关。因此应当注意鉴别SLE并MAS的诱因。目前尚未有SLE合并MAS统一诊断标准。,急诊内科学\content\part14.tex,系统性红斑狼疮,,,风湿免疫科,免疫性疾病,急诊处理,概述,1,,"SLE,MAS,CAPS,巨噬细胞,符合",793,396
当出现原发病不好解释的多系统受累的危急情况时应当想到MAS的可能。当患者出现持续性发热、不明原因的全血细胞减少及凝血异常、高甘油三酯血症、迅速出现的肝脾淋巴结肿大应当警惕MAS。处理：SLE并MAS治疗原则为：积极治疗原发病，控制炎症瀑布。text00347.htmlux5cux23CHP14-1-3-9-3-1{} （1） 病因治疗： 鉴别SLE病情活动导致MAS抑或感染诱发MAS非常重要。若是SLE病情活动未控制，则当应用大剂量糖皮质激素甚至静脉冲击治疗，若为感染诱发，则当积极控制潜在的感染。text00347.htmlux5cux23CHP14-1-3-9-3-2{} （2） 免疫抑制剂： 可应用环磷酰胺、环孢素、长春新碱等。亦可应用VP-16。text00347.htmlux5cux23CHP14-1-3-9-3-3{} （3） 丙种球蛋白： 对于难以鉴别感染或原发病活动的患者可应用。text00347.htmlux5cux23CHP14-1-3-9-3-4{} （4） 生物制剂： 有报道TNF-α拮抗剂、IL-6拮抗剂有助于阻断细胞因子大量释放所致的炎症瀑布。抗胸腺球细胞蛋白联合糖皮质激素和环孢素可诱导缓解。text00347.htmlux5cux23CHP14-1-3-9-3-5{} （5） 其他： 对治疗反应差的难治性病例可考虑造血干细胞移植。text00347.htmlux5cux23CHP14-1-3-9-4{} （四） 妊娠相关问题 妊娠使 SLE病情活动风险增加2～3倍，大多数活动度轻微增加，只有15%～30%活动度高。妊娠期常见的病情活动表现是皮肤病变、关节炎、血液系统损害及狼疮肾炎。妊娠期病情活动的预测因子有：孕前6月内病情活动、孕前1年内有多次复发活动、停用羟氯喹。,急诊内科学\content\part14.tex,系统性红斑狼疮,,,风湿免疫科,免疫性疾病,急诊处理,概述,1,,"text00347,htmlux5cux23CHP14,MAS,SLE,病情",759,379
鉴别先兆子痫和 SLE复发活动 二者均可出现蛋白尿、高血压、下肢水肿及多系统损害，但二者处理却截然不同：前者需立即终止妊娠，后者则需增强免疫抑制力度。表备注：sFlt-1，soluble FMS-like tyrosine kinase-1，可溶性FMS样酪氨酸激酶-1。PlGF，placental growth factor，胎盘生长因子中各项指标有助于二者鉴别。但应当注意，SLE尤其是狼疮肾炎复发活动可与先兆子痫同时存在。妊娠期血压控制 合并高血压的SLE患者妊娠前必须停用ACEI和ARB，因其可导致胎儿心脏和脑发育异常。但这将导致尿蛋白量增加、血压难以控制。但幸运的是妊娠早期和中期血压有下降趋势。若是患者一直服用噻嗪类利尿剂，则不必停用。应避免应用袢利尿剂，因其可导致胎盘血流量不足。非孕SLE患者降压目标为120/80mmHg，但妊娠期SLE降压目标为140/90mmHg，以免导致胎盘血流量下降。降压药可选用拉贝洛尔。SLE妊娠期病情活动的控制 ①无病情活动者不需要特殊处理，每4～6周随访1次。②轻度活动者仅需低剂量泼尼松维持（≤20mg/d）。③中度活动者需较大剂量糖皮质激素维持，甚至冲击剂量。其他选择包括静脉丙种球蛋白冲击。对控制血液系统病变及狼疮肾炎有效。④对于病情难以控制，短期内又不能期待生产者应考虑终止妊娠。新生儿狼疮综合征（neonatal lupus syndrome） 新生儿狼疮综合征是一种被动传输的自身免疫病，其发生与母体内的抗SSA/Ro和（或）抗SSB/La抗体有关，可累及多个器官，包括心脏、皮肤、肝脏和血液。text00347.htmlux5cux23CHP14-1-3-9-4-4-1{} （1） 先天性房室传导阻滞（CAVB）： 被定义为出生前、出生时或出生后0～27天内诊断的房室传导阻滞（AVB）。,急诊内科学\content\part14.tex,系统性红斑狼疮,,,风湿免疫科,免疫性疾病,急诊处理,预后,1,,"SLE,狼疮,妊娠,活动,胎盘",779,389
抗SSA/Ro和（或）抗SSB/La抗体阳性的母亲其胎儿发生CAVB的风险为2%，而生产过CAVB婴儿的母亲再次妊娠发生同样情况的风险则增加至15%。CAVB常发生于妊娠的16～24周，若不能及时发现和治疗，将逐渐由Ⅰ度AVB发展为不可逆的Ⅲ度AVB。因此建议所有患有结缔组织病的女性妊娠前应当筛查抗SSA/Ro和抗SSB/La抗体，若阳性则应视为高危患者，建议妊娠16～26周每周检查一次胎儿心脏彩超，妊娠26～32周每2周检查一次胎儿心脏彩超，以期早期发现PR间期延长。有学者认为胎儿心电图（FKCG）比胎儿彩超更加敏感，能够早期发现Ⅰ度AVB。处理：一旦发现CAVB，应当立即开始治疗。①对于一度、二度AVB及二度、三度交替的AVB，建议母亲口服地塞米松4mg/d直至分娩，若持续6周仍无改善或进展至三度AVB则逐渐减量至停用。②对于病程＜ 2周的三度AVB，建议母亲口服地塞米松4mg/d，共6周。若转变为二度AVB或改善更好，则继续服用直至分娩，然后逐渐减量至停用。若无好转，则应逐渐停用。③对于病程＞ 2周的三度AVB，不应再积极治疗，而应每周检查胎儿心脏彩超。④AVB同时合并心肌炎、充血性心衰或水肿，应口服地塞米松4mg/d直至病情改善。⑤若胎儿有严重水肿可口服地塞米松4mg/d，若胎儿心率＜ 50～55次/分，亦可考虑使用β受体激动剂以提高心率。如口服特布他林2.5～7.5mg，4～6小时1次，最大量30mg/d。口服沙丁胺醇10mg，8小时1次，最大量40mg/d，一般能够增加心室率5～10次/分。β受体激动剂副作用包括颤抖、心悸和出汗，一般可耐受并逐渐改善甚至消失。对于合并糖尿病、高血压、甲状腺功能亢进症及既往有癫痫或快速性心律失常的母亲应避免应用β受体激动剂。若胎肺成熟应尽早终止妊娠。有新生儿立即行积液引流、应用异丙肾上腺素及临时起搏抢救成功的报道。,急诊内科学\content\part14.tex,系统性红斑狼疮,,,风湿免疫科,免疫性疾病,急诊处理,诊断,1,,"AVB,胎儿,口服,妊娠,彩超",792,396
⑥此外尚可考虑静脉应用免疫球蛋白治疗AVB。text00347.htmlux5cux23CHP14-1-3-9-4-4-2{} （2） 其他表现： 包括狼疮样皮损、一过性血液系统改变等，常产后6～8周随抗体逐渐清除而慢慢消失。皮损可局部外用非氟化糖皮质激素。text00347.htmlux5cux23CHP14-1-3-9-5{} （五） SLE与应激 SLE患者长期服用糖皮质激素将导致下丘脑-垂体-肾上腺（HPA）轴抑制，当遇到应激时不能够分泌足够的促肾上腺皮质激素（ACTH）和可的松，因此在应激状态下需要外源性补充糖皮质激素（即应激剂量“stress dose”steroids）以提高患者应激能力。此时常需要回答2个问题：①患者的糖皮质激素剂量和服用时间是否已经引起HPA轴抑制。②若HPA轴被抑制，应当补充多少剂量糖皮质激素。HPA轴是否被抑制与年龄、性别、用药时间、累积剂量并非绝对相关，且不同个体之间变异较大。但是目前已知每日晨服泼尼松＜ 5mg持续任何时间、隔日晨起口服短效糖皮质激素任何剂量持续任何时间、任何剂量糖皮质激素服用时间不超过3周都不会引起HPA轴的明显抑制。但是若服用每日剂量超过20mg泼尼松或同等剂量的糖皮质激素超过3周的患者、已经有明显Cushing面容的患者很可能有HPA轴的抑制。糖皮质激素停用后HPA轴的抑制将持续多长时间目前尚无定论。既往研究提示糖皮质激素停用后1年仍可检测到HPA轴的抑制。因此建议若有HPA轴抑制，1年内手术均应补充糖皮质激素。对于正在应用中等剂量糖皮质激素或不能提供用药史（包括剂量、用药时间、如何减量等信息）的患者，若术前时间充裕可用低剂量（1g）ACTH刺激试验检测HPA轴状态。围术期糖皮质激素替代治疗方法详见表。,急诊内科学\content\part14.tex,系统性红斑狼疮,,,风湿免疫科,免疫性疾病,急诊处理,治疗,1,,"皮质激素,HPA,剂量,抑制,应激",745,372
text00347.htmlux5cux23CHP14-1-3-9-6{} （六） SLE与感染 SLE患者感染高危因素包括：先天性低补体血症、SLE病情活动、服用大剂量糖皮质激素、同时应用免疫抑制剂、技术操作（如：血浆置换者同时应用环磷酰胺感染风险明显增加，接受腹膜透析的SLE患者腹膜炎、导管相关感染风险增加）。感染是SLE患者死亡的最主要原因。SLE患者感染的部位常见为：呼吸道（包括肺部）、泌尿道、肠道、中枢神经系统、血液、皮肤等。病原体有细菌、病毒、真菌及寄生虫，其中细菌感染最为常见，占SLE所有感染的90%。革兰阳性球菌常见金黄色葡萄球菌（引起皮肤、骨和关节感染，少见情况可引起败血症、肺炎、导管相关感染）、肺炎球菌（引起肺炎，甚至败血症、颅内感染）。革兰阴性杆菌常为大肠杆菌、克雷伯杆菌、假单胞菌等，常引起泌尿道、下呼吸道感染，甚至败血症。活动期SLE尚可出现沙门菌感染，包括猪霍乱沙门菌、肠炎沙门菌、鼠伤寒沙门菌等。沙门菌感染在SLE患者有较高的病死率，常发生于SLE活动期及正接受糖皮质激素、免疫抑制剂治疗的患者。可表现为菌血症、胃肠炎、关节炎、肺炎、泌尿道感染、软组织脓肿、骨髓炎、脑膜炎等肠外病变，中毒症状不明显，15%～20%的患者可不发热，典型的伤寒症状少见。治疗不彻底常可复发。其他机会性细菌感染有诺卡菌病、分枝杆菌感染（主要是结核分枝杆菌）。诺卡菌感染临床特点为脏器单发或多发脓肿形成，常见于肺、脑、皮下等部位。努卡菌肺部感染表现为肺内单个或多个结节状阴影，常形成空洞，伴胸壁扩张。SLE患者易发生结核分枝杆菌感染，肺外结核及粟粒样肺结核常见，病死率高。除疾病本身外，使用糖皮质激素、疫区居住史、既往结核病史或PPD阳性均为结核感染的危险因素。硬结直径在0.5cm以上者即可认为阳性。,急诊内科学\content\part14.tex,系统性红斑狼疮,,,风湿免疫科,免疫性疾病,急诊处理,治疗,1,,"感染,SLE,患者,沙门,结核",758,379
病毒感染最常见为带状疱疹病毒，常发生于既往有狼疮肾炎、溶血性贫血、血小板减少及应用环磷酰胺的SLE患者，多为局部感染，但也有全身播散合并细菌感染的情况，多见于应用大剂量糖皮质激素（泼尼松≥60mg/d）或免疫抑制的SLE患者。巨细胞病毒亦较常见，发生于应用大剂量糖皮质激素、环磷酰胺或血浆置换的SLE患者，常引起致命的肺炎和脑炎。真菌感染最常见为曲霉菌、卡氏肺孢子菌及念珠菌感染。前两者常导致严重的肺部感染，后者病变范围广泛，卡氏肺囊虫性肺炎几乎总发生于正接受免疫抑制剂治疗的患者，往往发病急，胸闷、呼吸困难症状明显，胸片或肺部CT检查可发现肺部间质性肺纤维化改变。留置插管及应用广谱抗生素者应注意念珠菌感染，可导致口腔及食管黏膜、泌尿生殖道感染，但播散性念珠菌病较少见，但一旦发生常致命。新型隐球菌性脑膜炎常潜隐发病，神经系统表现无特征性，易被误诊为NPSLE。处理要点： 1.鉴别是感染还是 SLE病情活动 SLE合并感染最常见的表现是发热。每一例SLE患者出现发热必须注意感染的可能，尤其是正在接受糖皮质激素和免疫抑制剂治疗者。合并呼吸道、泌尿生殖道、肠道感染者常有相应症状和体征，不难鉴别。但有时临床鉴别二者相当困难，以下可作参考：①原本病情稳定者突然发热，多考虑合并感染。②发热伴有寒战多为感染。③血沉和CRP明显升高者多提示感染。SLE合并感染性发热时，足量糖皮质激素亦不能使体温维持在正常水平。详细询问病史、体格检查是正确诊断的前提。对于鉴别困难而又高度怀疑合并感染者常需全面寻找感染灶，尤其注意常易忽视的部位（如皮肤、腹腔、盆腔、腹膜后、肛周、颅内等），积极、反复进行体液及排泄物（包括血液、骨髓、痰液、尿液、粪便）等的培养，行CT、MRI等影像学检查等。T-Spot是目前筛查隐匿性结核感染的有力工具，但其阴性并不能排除结核感染。,急诊内科学\content\part14.tex,系统性红斑狼疮,,,风湿免疫科,免疫性疾病,急诊处理,临床表现,1,,"感染,SLE,合并,皮质激素,鉴别",774,387
2.一旦明确 SLE合并感染，应当立即进行抗感染治疗，停用所有免疫抑制剂。长期应用糖皮质激素者此时不能停用，以免降低机体应激能力，而应当根据患者病情考虑酌情减量、维持原量还是适当加量。对于合并感染且病情活动者或病情活动与感染不易鉴别者，丙种球蛋白冲击治疗不失为一举两得的良策。\protecttext00348.html{}{}。,急诊内科学\content\part14.tex,系统性红斑狼疮,,,风湿免疫科,免疫性疾病,急诊处理,治疗,1,,"病情,感染,停用,合并,应当",165,82
